,hsa-let-7a-5p,hsa-let-7b-3p,hsa-let-7c-5p,hsa-miR-106b-5p,hsa-miR-10a-5p,hsa-miR-1180-3p,hsa-miR-1224-3p,hsa-miR-1245a,hsa-miR-125a-3p,hsa-miR-1260a,hsa-miR-1271-5p,hsa-miR-1273f,hsa-miR-1292-3p,hsa-miR-1294,hsa-miR-140-5p,hsa-miR-147b,hsa-miR-148b-3p,hsa-miR-152-5p,hsa-miR-153-3p,hsa-miR-1537-3p,hsa-miR-155-3p,hsa-miR-186-5p,hsa-miR-1911-5p,hsa-miR-192-5p,hsa-miR-193b-5p,hsa-miR-196a-5p,hsa-miR-197-3p,hsa-miR-200b-5p,hsa-miR-200c-5p,hsa-miR-202-5p,hsa-miR-203b-3p,hsa-miR-205-3p,hsa-miR-2052,hsa-miR-2053,hsa-miR-208a-5p,hsa-miR-2113,hsa-miR-2115-3p,hsa-miR-212-3p,hsa-miR-217,hsa-miR-218-2-3p,hsa-miR-224-5p,hsa-miR-2355-3p,hsa-miR-26a-5p,hsa-miR-29a-3p,hsa-miR-302e,hsa-miR-3074-3p,hsa-miR-30c-5p,hsa-miR-31-5p,hsa-miR-3129-5p,hsa-miR-3135b,hsa-miR-3138,hsa-miR-3150a-5p,hsa-miR-3150b-3p,hsa-miR-3159,hsa-miR-3162-3p,hsa-miR-3162-5p,hsa-miR-3164,hsa-miR-3168,hsa-miR-3180,hsa-miR-3184-5p,hsa-miR-3188,hsa-miR-33b-3p,hsa-miR-3606-5p,hsa-miR-3616-3p,hsa-miR-3651,hsa-miR-3656,hsa-miR-3663-5p,hsa-miR-3667-5p,hsa-miR-3680-5p,hsa-miR-3681-5p,hsa-miR-3683,hsa-miR-3689a-5p,hsa-miR-369-3p,hsa-miR-378f,hsa-miR-378g,hsa-miR-383-3p,hsa-miR-3925-5p,hsa-miR-3929,hsa-miR-3934-3p,hsa-miR-3938,hsa-miR-3976,hsa-miR-411-3p,hsa-miR-423-3p,hsa-miR-4254,hsa-miR-4268,hsa-miR-4295,hsa-miR-4321,hsa-miR-4433b-3p,hsa-miR-4447,hsa-miR-4496,hsa-miR-4510,hsa-miR-4532,hsa-miR-4633-3p,hsa-miR-4646-3p,hsa-miR-4650-3p,hsa-miR-4653-3p,hsa-miR-466,hsa-miR-4661-5p,hsa-miR-4662a-3p,hsa-miR-4665-3p,hsa-miR-4669,hsa-miR-4671-5p,hsa-miR-4678,hsa-miR-4684-5p,hsa-miR-4687-3p,hsa-miR-4706,hsa-miR-4713-3p,hsa-miR-4716-3p,hsa-miR-4746-3p,hsa-miR-4771,hsa-miR-4789-5p,hsa-miR-4798-5p,hsa-miR-484,hsa-miR-495-3p,hsa-miR-5007-5p,hsa-miR-500a-5p,hsa-miR-500b-3p,hsa-miR-502-5p,hsa-miR-504-3p,hsa-miR-508-5p,hsa-miR-5094,hsa-miR-5100,hsa-miR-517-5p,hsa-miR-518c-3p,hsa-miR-518f-5p,hsa-miR-519c-3p,hsa-miR-520b,hsa-miR-520c-3p,hsa-miR-525-3p,hsa-miR-545-3p,hsa-miR-548ai,hsa-miR-548ao-3p,hsa-miR-548ap-5p,hsa-miR-548aq-5p,hsa-miR-548m,hsa-miR-550a-5p,hsa-miR-5583-3p,hsa-miR-5586-3p,hsa-miR-5587-5p,hsa-miR-561-3p,hsa-miR-561-5p,hsa-miR-567,hsa-miR-5680,hsa-miR-5681a,hsa-miR-5692a,hsa-miR-5692c,hsa-miR-570-5p,hsa-miR-5705,hsa-miR-574-5p,hsa-miR-579-5p,hsa-miR-585-3p,hsa-miR-596,hsa-miR-6074,hsa-miR-6077,hsa-miR-617,hsa-miR-648,hsa-miR-6510-3p,hsa-miR-6513-3p,hsa-miR-665,hsa-miR-6716-5p,hsa-miR-6723-5p,hsa-miR-6728-3p,hsa-miR-6729-3p,hsa-miR-6744-3p,hsa-miR-6746-5p,hsa-miR-6768-3p,hsa-miR-6778-5p,hsa-miR-6792-5p,hsa-miR-6795-3p,hsa-miR-6810-3p,hsa-miR-6821-3p,hsa-miR-6822-3p,hsa-miR-6824-3p,hsa-miR-6846-3p,hsa-miR-6858-5p,hsa-miR-6861-3p,hsa-miR-6865-3p,hsa-miR-6868-3p,hsa-miR-6871-3p,hsa-miR-6874-3p,hsa-miR-6883-3p,hsa-miR-6885-5p,hsa-miR-6886-5p,hsa-miR-6893-5p,hsa-miR-7114-3p,hsa-miR-759,hsa-miR-769-3p,hsa-miR-769-5p,hsa-miR-7704,hsa-miR-802,hsa-miR-8081,hsa-miR-8088,hsa-miR-873-5p,hsa-miR-875-3p,hsa-miR-877-3p,hsa-miR-887-3p,hsa-miR-92a-3p,hsa-miR-93-3p,hsa-miR-940,hsa-miR-95-3p,Disese Group
sample_01,1669011.08,574.75,203795.0,320.33,10.0,7453.5,98.0,0.0,541.83,0.25,361.33,0.0,0.0,23.0,4788.5,10.0,37803.33,4.5,1087.84,6.0,0.0,7335.25,14.0,44172.17,493.0,13.5,2331.0,15.0,0.0,0.0,2.0,0.0,0.0,0.0,1.0,3.0,12.0,188.5,6139.25,11.0,31.0,55.5,946787.48,304431.83,0.0,13.0,66046.84,26638.5,3.0,0.0,4.5,2.5,2.5,5.0,1.0,1.0,6.0,0.33,0.0,4540.75,2.0,6.0,0.0,5.0,2.0,0.5,5.0,0.0,3.0,2.0,0.0,0.0,2339.0,0.33,12.25,21.0,2.0,4.0,0.0,5.0,0.0,56.5,4540.75,3.0,0.0,0.0,0.0,0.5,0.0,0.0,0.0,0.33,0.0,23.58,0.0,4.0,4.0,0.0,2.0,0.0,1.0,0.0,0.0,2.0,2.0,0.0,0.0,3.5,0.0,0.0,0.0,24.0,3941.83,554.5,0.0,112.83,19.0,24.33,0.0,7.0,0.0,0.25,0.0,3.0,0.0,0.0,0.0,0.0,1.0,3.0,0.0,0.0,0.0,1.0,1.5,4.84,0.0,3.0,2.0,1.0,2.0,0.0,10.0,0.0,0.0,0.0,0.0,0.5,0.0,7.0,72.0,0.0,0.0,0.0,0.0,0.0,0.0,5.0,24.0,0.0,4.25,3.0,3.0,0.0,2.0,0.0,0.0,3.33,0.0,4.0,2.0,0.0,1.0,3.0,0.0,8.0,0.0,118.0,0.0,39.0,82.0,0.0,1.0,0.0,4.0,0.0,1729.0,8611.5,12.0,0.0,0.0,0.0,812.42,0.0,54.5,484.0,46208.34,364.0,12.0,13823.0,0
sample_02,1113228.84,608.25,120300.83,718.0,22.0,3570.33,42.5,0.0,285.5,0.0,504.0,0.0,0.0,9.0,5218.5,17.0,39631.67,6.0,1584.5,10.0,0.0,8932.42,18.0,41821.08,179.0,21.0,1671.83,13.0,0.0,2.0,0.0,0.0,0.0,0.0,0.0,0.0,13.0,166.5,4854.83,11.0,29.0,53.5,847782.14,381538.08,0.0,10.25,85012.09,29650.25,0.0,0.0,4.0,4.5,4.5,3.0,0.0,0.0,2.0,0.33,0.0,2089.0,12.0,7.0,0.0,12.0,1.0,0.0,6.0,0.0,1.0,8.0,0.0,0.0,1443.83,1.67,10.75,18.0,1.0,4.0,0.0,8.0,0.0,81.5,2089.0,5.0,0.0,0.0,0.0,0.5,0.0,0.0,1.0,0.58,0.0,10.0,0.0,3.0,2.0,0.0,0.0,0.0,0.0,1.0,0.0,0.0,0.0,0.0,0.0,1.0,0.0,0.0,0.0,32.0,2396.92,950.0,0.0,104.17,7.0,29.33,0.0,1.0,2.0,0.0,0.0,4.5,0.0,0.0,1.0,1.0,0.0,4.0,1.5,0.0,0.0,0.5,2.0,1.34,0.0,9.0,0.0,1.0,11.0,0.0,6.0,0.5,0.0,0.0,1.5,0.5,0.0,5.0,110.0,0.0,0.0,0.0,1.0,0.0,0.0,5.0,23.67,0.0,9.5,0.0,2.0,0.0,1.0,0.0,0.0,1.0,2.0,0.0,0.0,1.0,3.0,3.0,4.0,4.25,0.0,120.5,0.0,21.0,38.5,0.0,1.0,0.0,0.0,0.0,847.5,7670.67,7.67,0.0,0.0,0.0,1018.67,0.0,29.5,478.0,34865.66,338.0,13.0,10677.92,0
sample_03,548076.06,466.5,42925.42,187.5,4.0,1271.0,38.83,0.0,248.67,0.0,138.0,0.0,0.0,7.0,4019.5,15.0,29855.92,3.5,1791.34,9.0,0.0,7223.08,5.0,31285.58,178.0,3.0,703.5,6.0,0.0,1.0,2.0,0.0,0.0,0.0,0.0,0.0,2.0,46.5,1483.5,16.0,29.0,35.5,275491.66,213142.33,0.0,1.5,62000.0,9832.5,3.0,0.0,0.0,1.0,1.0,1.0,0.0,0.0,1.0,0.0,0.0,1055.92,0.0,0.0,0.0,2.0,0.0,0.5,3.0,0.0,0.0,6.0,0.0,0.0,1631.5,0.5,3.25,33.0,0.0,0.0,0.0,1.0,0.0,38.5,1055.92,2.0,0.0,0.0,0.0,0.0,0.0,0.0,0.0,1.58,0.0,2.83,0.0,0.0,3.0,1.0,2.0,0.0,0.0,0.0,0.0,0.0,0.0,0.0,0.0,1.5,0.0,0.0,0.0,16.0,423.0,194.0,0.0,43.5,5.0,8.0,0.0,5.0,1.0,0.0,0.0,8.5,0.0,1.0,0.0,0.0,0.0,3.5,0.0,0.0,0.0,0.5,9.0,2.34,0.0,1.0,0.0,2.0,9.0,0.0,2.0,0.0,0.0,0.0,0.0,0.0,0.0,2.0,41.0,0.0,0.0,0.0,0.0,0.0,0.0,1.0,23.33,0.0,36.5,0.0,1.0,0.0,0.0,0.0,0.0,1.0,1.0,0.0,2.0,0.0,3.0,1.0,1.0,2.5,1.0,0.0,1.0,20.0,20.0,0.0,5.0,0.0,1.0,0.0,652.33,3598.83,3.0,0.0,0.0,0.0,714.92,0.0,8.5,304.25,10047.66,131.0,1.0,9154.0,0
sample_04,1193248.35,1315.5,96194.33,313.0,14.0,3661.0,112.5,0.0,612.5,0.0,218.0,0.0,0.0,18.0,8856.0,23.0,51752.25,4.5,2992.16,8.0,0.0,14854.33,9.0,69374.42,352.0,11.0,1859.0,16.0,1.0,2.0,5.0,0.0,0.0,0.0,0.0,0.0,7.0,237.0,7920.0,30.0,90.0,43.5,530011.64,371335.0,0.0,10.75,145643.75,17929.83,2.0,0.0,5.0,2.5,2.5,1.0,0.0,1.0,1.0,0.0,0.0,2608.08,1.0,3.5,0.0,3.0,1.0,0.75,5.0,0.0,1.0,10.0,0.0,0.0,3426.83,0.67,5.25,46.0,2.0,10.0,0.0,3.0,0.0,83.0,2608.08,4.0,0.0,0.0,0.0,0.0,0.0,0.0,0.0,0.5,0.0,16.67,0.0,2.0,1.0,0.0,5.0,0.0,0.0,0.0,0.0,0.0,0.0,0.0,0.0,3.83,0.0,0.0,0.0,28.0,660.5,517.0,0.0,68.83,17.5,26.0,0.0,5.0,3.0,0.0,0.99,12.0,0.0,0.0,1.5,1.5,0.0,7.5,0.0,1.0,0.0,0.0,4.5,2.66,0.0,8.0,1.0,0.0,16.5,0.0,8.0,0.0,0.0,0.0,0.0,0.0,0.0,5.0,45.0,0.0,0.0,0.0,1.0,0.0,0.0,9.0,16.5,0.0,15.5,0.0,2.0,0.0,1.0,0.0,0.0,3.0,0.0,2.0,0.0,0.0,3.0,2.0,3.0,2.5,3.0,70.0,0.0,34.0,71.0,1.0,3.0,0.0,2.0,0.0,1135.0,6041.67,7.0,1.0,0.0,0.0,1874.08,0.0,28.5,531.0,26894.66,235.5,3.0,22962.08,0
sample_05,861134.44,1095.5,70847.75,201.5,12.5,3231.5,105.25,0.0,352.17,0.0,168.0,0.0,0.0,13.5,6343.5,15.0,40828.67,5.5,1686.84,5.0,1.0,9567.08,6.0,48655.67,224.5,20.0,1415.67,6.0,1.0,5.0,4.0,0.0,0.0,0.0,0.0,1.0,16.0,117.5,1844.25,13.0,80.0,18.5,359830.16,257152.5,0.0,7.0,105367.33,8693.0,3.0,0.0,2.0,0.5,0.5,1.0,0.0,0.0,1.0,0.33,0.0,1712.25,3.0,1.0,0.0,2.0,1.0,0.0,8.0,0.0,0.0,4.0,0.0,0.0,1809.5,1.67,3.75,41.0,0.0,2.0,3.0,0.0,0.0,42.0,1712.25,3.0,0.0,0.0,0.0,0.0,0.0,0.0,0.0,0.58,0.0,14.5,0.0,2.0,0.0,0.0,2.0,0.0,0.0,0.0,0.0,2.0,0.5,0.0,0.0,1.5,0.0,0.0,0.0,20.0,631.33,207.0,0.0,46.75,9.0,12.0,0.0,1.0,1.0,0.0,0.0,4.0,0.0,0.0,0.33,0.33,0.0,4.83,0.5,0.0,0.0,0.5,23.67,1.76,0.0,9.0,0.0,0.5,7.5,0.0,5.0,0.0,0.0,0.0,0.5,0.83,0.0,13.0,104.0,0.0,0.0,0.0,1.0,0.0,0.0,8.0,6.0,0.0,8.25,1.0,1.0,0.0,0.0,0.0,0.0,2.0,2.0,5.0,0.0,2.0,0.0,1.0,0.0,0.5,3.0,102.83,0.0,39.0,39.0,0.0,1.0,0.0,2.0,0.0,804.33,3874.67,5.67,0.0,0.0,0.0,974.17,0.0,35.5,378.83,27283.5,188.5,1.0,15186.5,0
sample_06,1259053.95,2136.25,104796.25,391.67,4.0,4389.5,331.5,0.0,715.08,0.0,333.33,0.0,0.0,14.0,11580.0,28.0,64516.67,16.0,4467.34,12.0,0.0,20652.0,19.0,79183.42,678.0,26.0,2923.83,18.0,3.0,6.0,3.0,0.0,0.0,0.0,0.0,0.0,12.0,241.5,3366.5,33.0,80.0,73.5,640622.14,436607.17,0.0,9.0,214854.66,22207.33,3.0,0.0,3.5,2.5,2.5,4.0,0.0,0.0,2.0,0.0,0.0,2853.21,0.0,5.0,0.0,8.0,5.0,0.25,12.0,0.0,1.0,9.0,0.0,0.33,3539.5,0.0,8.75,105.0,1.0,5.0,0.0,2.0,0.0,112.0,2851.21,6.0,0.0,0.0,0.0,1.5,0.0,0.0,0.0,1.42,0.0,21.0,0.0,0.0,5.0,0.0,2.0,0.0,0.0,0.0,0.0,3.0,0.0,0.0,0.0,5.58,0.0,0.0,0.0,32.0,1061.17,504.0,0.0,106.33,23.0,23.0,1.0,2.0,3.0,0.0,0.99,13.0,0.0,1.0,0.33,0.33,0.0,9.5,0.0,0.0,0.0,1.0,26.33,4.0,0.0,26.0,0.0,2.5,20.5,0.0,15.0,0.0,0.0,0.0,0.0,0.0,0.0,8.0,94.0,0.0,0.0,0.0,2.0,0.0,0.0,8.0,15.33,0.0,36.25,0.0,1.0,0.0,1.0,0.0,0.0,4.0,1.0,7.0,2.0,0.0,6.0,5.0,2.0,3.5,4.0,80.33,0.0,58.0,63.0,0.0,1.0,0.0,5.0,0.0,1759.0,7338.33,7.67,2.0,0.0,0.0,1953.5,0.0,68.33,635.0,34321.66,345.5,4.0,25745.42,0
sample_07,990696.64,867.25,70851.92,249.0,4.0,2431.0,141.83,0.0,352.08,0.0,276.5,0.0,0.0,38.0,5990.0,19.0,48064.33,5.5,2688.34,11.0,0.0,10316.08,4.0,48986.58,306.0,7.0,1320.0,13.0,2.0,15.0,5.0,0.0,0.0,0.0,0.0,0.0,17.0,106.0,1951.0,13.0,74.0,44.0,523416.98,322803.42,0.0,8.75,94839.66,14147.5,1.0,0.0,6.0,4.0,4.0,4.0,1.0,0.0,1.0,0.0,0.0,1622.17,0.0,8.0,0.0,2.0,1.0,0.0,2.0,0.0,1.0,5.0,0.0,0.0,1796.5,0.0,1.75,36.0,0.0,3.0,0.0,3.0,0.0,60.5,1622.17,7.0,0.0,0.0,0.0,0.5,0.0,0.0,1.0,0.0,0.5,11.17,0.0,0.0,2.0,0.0,0.0,0.0,0.0,0.0,0.0,0.0,0.0,0.0,0.0,2.0,0.0,0.0,0.0,28.0,643.83,193.0,0.0,55.0,10.0,18.0,0.0,1.0,4.0,0.0,0.0,14.0,0.0,1.0,2.67,2.67,0.0,6.17,0.5,0.0,0.0,1.25,2.5,2.84,0.0,7.0,0.0,0.0,12.0,0.0,8.0,0.0,0.0,0.0,0.5,0.0,0.0,5.0,23.0,0.0,0.0,0.0,2.0,0.0,0.0,4.0,8.92,0.0,10.0,0.0,2.0,0.0,1.0,1.0,1.0,1.0,3.0,5.83,2.0,1.0,2.0,3.0,1.0,3.75,1.0,68.83,0.5,28.0,42.0,0.0,0.0,0.0,2.33,0.0,1173.5,5220.25,3.58,0.0,0.0,0.0,996.0,0.0,34.75,443.0,20146.16,188.0,3.0,15897.67,0
sample_08,1030404.63,847.5,78622.17,227.33,7.0,2709.0,102.0,0.0,379.67,0.0,235.0,0.0,1.0,26.0,5144.0,11.0,45327.0,1.5,1521.0,11.0,0.0,10544.25,7.0,51899.58,218.0,9.0,1282.5,10.0,2.0,1.0,1.0,0.0,0.0,0.0,0.0,1.0,11.5,83.0,2463.0,17.0,43.0,33.0,479659.48,320379.58,0.0,3.75,102961.09,13321.08,0.0,0.0,1.0,2.5,2.5,1.0,0.0,1.0,5.0,0.0,0.0,1570.71,6.0,3.0,0.0,1.0,1.0,0.0,3.0,0.0,3.0,3.0,0.0,0.0,1683.0,0.33,5.83,22.0,0.0,6.0,0.0,5.0,0.0,56.5,1570.71,5.0,0.0,0.0,0.0,0.0,0.0,0.0,0.0,0.0,0.0,5.5,0.0,0.0,0.0,0.0,2.0,0.0,0.0,0.0,0.0,1.0,0.0,0.0,0.0,0.5,0.0,0.0,0.0,17.0,878.42,214.0,0.0,68.0,10.5,18.0,0.0,4.0,1.0,0.0,0.0,8.0,0.0,1.0,0.0,0.0,0.0,2.0,0.0,0.0,0.0,0.5,7.0,1.66,0.0,8.0,0.0,0.5,8.0,0.0,13.0,0.0,0.0,0.0,0.0,0.0,0.0,7.0,18.0,0.0,0.0,0.0,0.0,0.0,0.0,7.0,7.33,0.0,6.0,1.5,2.0,0.0,1.0,0.0,0.0,2.0,1.0,6.0,2.0,0.0,0.0,1.0,0.0,5.0,2.0,1.0,1.0,36.0,36.0,0.0,1.0,0.0,1.5,0.0,880.0,5222.33,4.67,0.0,0.0,0.0,1034.92,0.0,28.5,366.0,22853.5,233.0,2.0,14239.5,0
sample_09,813145.02,1182.25,66994.0,288.17,22.5,2480.5,63.5,0.0,362.58,0.0,230.33,0.0,3.0,34.5,6855.33,21.0,47599.0,1.0,3230.66,14.0,0.0,15707.25,4.0,57939.33,255.0,27.5,1406.5,5.0,1.0,5.0,2.0,0.0,0.0,0.0,0.0,0.0,19.0,110.5,3266.75,24.0,114.0,61.33,464638.14,390478.83,0.0,4.5,149609.41,12240.83,0.0,0.0,3.0,2.5,2.5,3.0,1.0,0.0,6.0,0.0,0.0,1322.67,1.0,3.0,0.0,5.0,0.0,0.0,5.0,0.0,2.0,4.0,0.0,0.0,1757.5,0.33,4.08,33.0,1.0,6.0,2.0,2.0,0.0,56.5,1322.67,4.0,0.0,0.0,0.0,1.0,0.0,0.0,0.0,0.0,0.0,12.0,0.0,0.0,3.0,1.0,3.0,0.0,1.0,1.0,0.0,4.0,0.0,0.0,0.0,0.0,0.0,0.0,0.0,19.0,401.08,282.0,0.0,87.75,6.0,27.25,0.0,2.0,0.0,0.0,0.0,12.0,0.0,0.0,0.58,0.58,0.0,6.5,0.0,0.0,0.0,1.5,9.33,1.16,0.0,8.0,0.0,2.5,5.5,0.0,6.0,0.0,0.0,0.0,0.0,0.0,0.0,6.0,32.0,0.0,0.0,0.0,0.0,0.0,0.0,8.0,7.0,0.0,7.5,0.5,3.0,0.0,0.0,0.0,0.0,1.0,1.0,1.0,1.0,2.0,0.0,0.0,1.25,3.25,0.0,108.58,0.0,39.0,40.0,0.0,0.0,0.0,0.0,0.0,573.0,5462.5,2.33,0.0,0.0,0.0,1551.67,0.0,29.25,307.0,26545.5,228.0,1.0,16008.17,0
sample_10,680177.42,1275.75,60425.25,268.5,9.0,2130.0,84.5,0.0,369.0,0.0,176.0,0.0,0.0,7.0,7212.5,20.0,43843.17,8.0,4060.66,14.0,0.0,14926.58,7.0,65639.33,268.0,3.0,1262.17,7.0,0.0,2.0,6.0,0.0,0.0,0.0,0.0,0.0,7.0,155.67,2954.5,35.0,79.0,48.83,388769.98,345757.75,0.0,4.5,167489.84,15029.25,0.0,0.0,1.0,2.5,2.5,3.0,0.0,0.0,0.0,0.33,0.0,1300.25,1.0,3.0,0.0,1.0,0.0,0.25,4.0,1.0,0.0,3.0,0.0,0.0,2681.25,0.33,5.25,23.0,1.0,4.0,0.0,1.0,0.0,63.0,1300.25,5.0,0.0,0.0,0.0,0.5,0.0,0.0,2.0,1.5,0.0,8.67,0.0,0.0,0.33,0.0,2.0,0.0,0.0,0.0,0.0,0.0,0.0,0.0,0.0,1.0,0.0,0.0,0.0,31.0,354.67,324.0,0.0,75.08,5.0,27.0,0.0,0.0,1.0,0.0,0.0,7.5,0.0,0.0,1.5,1.5,0.0,16.67,0.0,0.0,0.0,3.08,12.0,3.5,0.0,8.0,0.0,1.0,20.0,0.0,9.0,0.0,0.0,0.0,0.0,0.5,0.0,10.0,33.0,0.0,0.0,0.0,0.0,0.0,0.0,7.0,5.67,0.0,16.5,0.0,1.0,0.0,1.0,0.0,0.0,0.0,1.0,1.0,0.0,0.0,2.0,2.0,0.0,4.25,0.0,67.33,2.0,40.0,52.0,0.0,1.0,0.0,1.0,0.0,803.58,6221.75,2.67,4.0,0.0,0.0,1824.67,0.0,31.5,412.0,21533.34,213.5,1.0,14756.58,0
sample_11,1111278.92,1489.25,89385.83,298.5,14.0,3299.5,99.5,0.0,360.67,0.25,176.0,0.0,0.0,25.0,7219.83,19.0,58024.17,11.0,3000.66,16.0,0.0,18010.17,9.0,72254.67,219.0,8.5,1347.83,11.0,0.0,8.0,1.0,0.0,0.0,0.0,0.0,0.0,15.0,179.5,3754.0,36.0,96.0,31.0,480627.32,428694.33,0.0,11.5,172346.34,15226.75,2.0,0.0,2.0,4.0,4.0,2.0,0.0,0.0,5.0,0.0,0.0,1553.29,0.0,8.0,0.0,7.0,2.0,0.25,2.0,0.0,0.0,8.0,0.0,0.0,3089.5,1.0,5.75,47.0,1.0,13.33,1.0,1.0,0.0,43.0,1553.29,5.0,0.0,0.0,0.0,0.5,0.0,0.0,0.0,0.58,0.0,13.5,0.0,4.0,4.0,0.0,4.0,0.0,0.0,0.0,0.0,0.0,0.0,1.0,0.0,2.0,0.0,0.0,0.0,15.0,657.08,278.0,0.0,80.08,16.0,27.58,1.0,3.0,0.0,0.0,0.0,15.0,0.0,0.0,0.67,0.67,0.0,13.58,0.0,0.0,0.0,2.33,11.0,2.34,0.0,16.5,0.0,3.0,18.0,0.0,8.0,0.0,0.0,0.0,0.0,0.0,0.0,13.0,35.5,0.0,0.0,0.0,0.0,0.0,0.0,10.0,3.0,0.0,2.5,0.0,4.0,0.0,1.0,0.0,0.0,0.0,1.0,3.0,1.0,5.0,1.0,1.0,0.0,2.08,3.0,172.17,2.0,45.5,81.5,0.0,1.0,0.0,3.0,0.0,1209.75,7297.08,2.33,1.0,0.0,0.0,1592.67,0.0,53.0,412.0,32250.5,259.5,2.0,19694.33,0
sample_12,1133107.14,1439.0,95560.5,268.5,18.0,3973.33,61.0,0.0,286.5,0.0,224.5,0.0,2.0,33.0,6065.67,36.0,49536.67,3.0,1916.84,10.0,0.0,16225.0,8.0,70021.42,214.0,13.0,1526.0,10.0,1.0,2.0,1.0,0.0,0.0,0.0,0.0,0.0,12.0,217.0,3708.75,33.0,185.0,44.5,427882.82,372735.0,0.0,5.75,148707.41,12496.33,2.0,0.0,3.0,4.0,4.0,1.0,0.0,0.0,4.0,0.0,0.0,1742.62,0.0,1.0,0.0,7.0,0.0,0.0,7.0,0.0,2.0,4.0,0.0,0.0,2135.25,1.0,7.0,27.0,0.0,11.33,3.0,4.0,0.0,77.5,1742.62,8.0,0.0,0.0,0.0,1.5,0.0,0.0,0.0,0.33,0.0,14.33,0.0,1.0,0.0,0.0,2.0,0.0,0.0,1.0,0.0,1.0,0.0,0.0,0.0,1.0,0.0,2.0,1.0,30.0,664.08,218.0,0.0,55.0,23.0,22.0,1.0,1.0,1.0,0.0,0.0,6.0,1.0,1.0,0.67,0.67,0.0,10.0,0.5,0.0,0.0,0.5,10.5,2.24,0.0,12.0,0.0,0.5,8.5,0.0,7.0,0.0,0.0,0.0,0.5,0.0,0.0,11.0,27.0,0.0,0.0,0.0,0.0,0.0,0.0,11.0,1.0,0.0,7.75,0.0,5.0,0.0,0.0,0.0,0.0,1.0,0.0,5.0,0.0,0.0,4.0,0.0,1.0,0.75,0.0,118.0,1.0,48.0,58.0,0.0,2.0,0.0,5.0,0.0,618.0,4826.75,5.33,2.0,0.0,0.0,1136.17,0.0,46.25,214.0,45909.0,312.0,0.0,18516.17,0
sample_13,907331.1,1101.5,71403.0,281.5,7.0,3436.5,50.75,0.0,292.75,0.0,246.5,0.0,0.0,20.0,5776.0,30.0,53538.0,3.5,1852.0,20.0,0.0,17954.92,10.0,71387.08,162.0,7.5,1201.83,13.0,0.0,5.0,3.0,0.0,0.0,0.0,0.0,0.0,17.0,151.0,7021.0,33.0,126.0,25.0,406255.16,377848.67,0.0,6.0,134614.67,12611.33,3.0,0.0,4.0,4.5,4.5,3.0,0.0,0.0,7.0,0.25,0.0,1464.75,2.0,8.0,0.0,8.0,0.0,0.0,2.0,0.0,2.0,8.0,0.0,0.0,1834.58,0.33,5.08,32.5,2.0,3.0,0.0,0.0,0.0,15.0,1464.75,4.0,0.0,0.0,0.0,0.0,0.0,0.0,0.0,0.0,0.5,8.17,0.0,0.0,0.0,0.0,0.0,0.0,0.0,0.0,0.0,1.0,0.0,1.0,0.0,1.5,0.0,0.0,0.0,30.0,654.67,161.5,0.0,48.58,17.5,8.33,0.0,5.0,1.0,0.0,0.0,14.0,0.0,1.0,0.67,0.67,0.0,13.0,0.0,0.0,0.0,0.0,8.0,2.0,0.0,11.5,1.0,0.5,9.5,0.0,2.0,0.5,0.0,0.0,0.0,0.0,0.0,14.0,27.0,0.0,0.0,0.0,1.0,0.0,0.0,7.0,6.0,0.0,3.75,0.5,2.0,0.0,1.0,0.0,0.0,0.0,0.0,5.0,0.0,0.0,2.0,0.0,0.0,1.5,4.0,56.0,0.0,46.0,53.5,0.0,0.0,0.0,1.0,0.0,939.83,5602.5,8.33,1.0,0.0,0.0,1364.42,0.0,25.75,345.0,26757.5,236.0,1.5,17101.92,0
sample_14,998615.48,1523.5,104944.25,169.33,9.0,4713.0,123.0,0.0,398.67,0.0,206.5,0.0,1.0,28.0,4794.0,32.5,37156.33,4.0,1024.0,7.0,1.0,12357.17,10.0,55595.0,282.5,30.0,1962.67,11.0,0.0,1.0,4.0,0.0,0.0,0.0,0.0,0.0,8.0,155.5,1906.0,26.0,181.0,42.0,415483.32,290152.42,0.0,4.5,114161.91,17741.5,1.0,0.0,1.0,3.5,3.5,3.0,0.0,3.0,3.0,0.0,0.0,2088.5,4.0,2.0,0.0,2.0,2.0,0.0,4.0,0.0,0.0,1.0,0.0,0.0,1551.5,0.0,6.08,41.0,1.0,7.0,2.0,4.0,0.0,31.0,2088.5,7.0,0.0,0.0,0.0,0.0,0.0,0.0,1.0,0.58,0.0,17.0,0.0,3.0,1.0,0.0,3.0,0.0,0.0,0.0,0.0,1.0,1.0,0.0,0.0,3.5,0.0,0.0,0.0,21.0,894.17,156.0,0.0,66.42,19.0,12.0,0.0,0.0,1.0,0.0,0.0,10.5,0.0,1.0,1.0,1.0,0.0,6.0,0.0,0.0,0.0,1.25,29.0,4.0,0.0,13.0,0.0,0.0,9.0,0.0,7.0,1.0,0.0,0.0,0.0,0.0,0.0,5.0,117.5,0.0,0.0,0.0,0.0,0.0,0.0,6.0,6.33,0.0,6.75,1.0,4.0,0.0,1.0,0.0,0.0,0.0,2.0,7.0,0.0,1.0,3.0,0.0,0.0,3.5,2.0,115.17,1.0,35.0,49.5,0.0,2.0,0.0,5.5,0.0,1304.5,5622.92,9.33,0.0,0.0,0.0,1075.67,0.0,48.5,433.0,38005.34,264.0,1.0,14225.67,0
sample_15,1416219.62,501.25,185912.83,398.5,11.0,9453.5,87.0,0.0,313.0,0.0,465.33,0.0,0.0,18.0,3816.0,15.0,29968.83,4.5,529.5,14.0,0.0,6769.67,36.0,37588.5,206.0,27.0,2339.67,19.0,0.0,0.0,2.0,0.0,0.0,0.0,0.0,0.0,18.0,175.5,5549.33,9.0,38.0,41.5,762730.98,272807.33,0.0,8.75,58985.34,18150.0,1.0,0.0,6.0,1.5,1.5,0.0,1.0,0.5,7.0,0.0,0.0,3511.08,2.0,7.0,0.0,3.0,1.0,0.0,21.0,0.0,1.0,1.0,0.0,0.0,1301.5,0.0,19.08,12.0,0.0,3.5,0.33,8.0,0.0,25.0,3509.33,3.0,0.0,0.0,0.0,0.0,0.0,0.0,0.0,0.33,1.0,19.67,0.0,0.0,1.0,0.0,2.0,0.0,0.0,0.0,0.0,0.0,0.5,0.0,0.0,0.5,0.0,0.0,0.0,31.0,3866.75,505.0,0.0,109.58,18.5,23.0,2.0,2.0,1.0,0.0,0.0,2.0,0.0,0.0,0.0,0.0,0.0,2.0,0.5,0.0,0.0,1.0,11.5,4.0,0.0,3.5,0.0,0.0,4.0,0.0,4.0,0.0,0.0,0.0,0.5,0.0,0.0,10.0,121.0,0.0,0.0,0.0,0.0,0.0,0.0,7.0,7.33,0.0,11.25,0.0,6.0,1.0,1.0,0.0,1.0,1.0,2.0,6.0,1.0,0.0,1.0,3.0,3.0,4.0,4.0,54.83,0.0,28.0,74.0,1.0,1.0,0.0,5.5,0.0,1353.0,6402.92,15.33,0.0,0.0,0.0,625.67,0.0,65.08,360.0,59470.0,328.0,7.0,9118.58,0
sample_16,975637.65,1309.0,72512.67,229.0,8.0,3480.5,145.0,0.0,337.83,0.0,263.33,0.0,0.0,45.0,5946.0,19.5,53534.67,4.5,2591.66,9.0,0.0,16945.92,5.0,70223.0,193.0,4.0,1653.83,10.0,0.0,17.0,1.0,0.0,0.0,0.0,2.0,0.0,14.0,122.5,3136.5,22.0,109.0,27.5,510676.98,340826.92,0.0,4.17,131022.0,12703.33,0.0,0.0,5.0,1.5,1.5,2.0,2.0,0.0,5.0,0.0,0.0,1695.04,0.0,3.0,0.0,2.0,3.0,0.0,8.0,0.0,2.0,1.0,0.0,0.0,1943.5,0.33,4.5,28.0,0.0,7.0,4.0,4.0,0.0,29.5,1695.04,1.0,0.0,0.0,0.0,0.0,0.0,0.0,0.0,0.25,0.0,19.0,0.0,0.0,1.0,0.0,0.0,0.0,1.0,0.0,0.0,1.0,0.5,0.0,0.0,1.5,0.0,0.0,0.0,23.0,799.67,161.0,0.0,70.5,16.0,25.0,1.0,2.0,1.0,0.0,0.0,18.5,1.0,1.0,1.0,1.0,0.33,11.33,0.0,0.0,0.0,2.25,19.5,3.5,0.0,13.0,0.0,0.5,13.5,0.0,4.0,1.0,0.0,0.0,0.0,0.0,0.0,4.0,25.5,0.0,0.0,0.0,0.0,0.0,0.0,16.0,5.0,1.0,7.5,0.0,4.0,0.0,0.0,0.0,0.0,2.0,2.0,9.0,2.0,1.0,5.0,3.0,3.0,3.0,0.0,82.33,0.0,38.0,44.0,0.0,2.0,0.0,4.0,0.0,1121.33,5419.33,3.33,0.0,0.0,0.0,1273.75,0.0,52.25,492.0,30789.0,256.0,1.5,17816.67,0
sample_17,1218576.91,1462.75,94602.33,289.5,8.0,4948.0,161.0,0.0,426.5,0.75,218.0,0.0,0.0,39.0,7789.33,19.5,58572.5,6.5,1744.5,18.0,1.0,14944.0,3.0,76559.25,253.0,61.0,1884.5,8.0,0.0,2.0,1.0,0.0,0.0,0.0,2.0,0.0,8.0,113.0,4469.83,23.0,163.0,29.0,483656.82,368519.0,0.0,10.0,155544.34,15234.5,3.0,0.0,3.5,4.5,4.5,5.0,0.0,0.0,2.0,0.33,0.0,2545.12,4.0,6.0,0.0,7.0,2.0,0.0,7.0,0.0,1.0,4.0,0.0,0.0,2210.75,1.67,10.17,32.0,2.0,13.5,0.0,6.0,0.0,38.5,2545.12,1.0,0.0,0.0,0.0,2.5,0.0,0.0,0.0,0.83,0.0,17.33,0.0,1.0,4.0,0.0,1.0,0.0,1.0,0.0,0.0,1.0,0.0,0.0,0.0,3.5,0.0,0.0,0.0,40.0,875.17,281.0,0.0,64.17,16.0,17.33,1.0,0.0,1.0,0.0,0.99,8.0,0.0,1.0,0.67,0.67,0.0,6.17,0.0,0.0,0.0,1.25,33.0,2.34,0.0,7.0,0.0,2.0,13.0,0.0,6.0,0.5,0.0,0.0,0.0,0.0,0.0,4.0,33.0,0.0,0.0,0.0,0.0,0.0,0.0,9.0,7.0,0.0,9.25,1.0,2.0,0.0,3.0,0.0,1.0,1.0,1.0,8.0,4.0,1.0,4.0,3.0,0.33,2.0,1.0,1.0,1.0,59.5,65.0,0.0,0.0,0.0,4.33,0.0,1042.0,5462.5,8.0,1.0,0.0,0.0,1377.08,0.0,66.33,351.0,42293.16,260.0,3.0,21462.0,0
sample_18,1272135.61,1154.5,126632.92,321.0,27.0,2981.5,47.5,0.0,294.33,0.0,215.0,0.0,0.0,20.0,8533.0,19.0,56560.33,8.0,3075.66,11.0,1.0,18997.0,10.0,70163.83,164.0,47.5,1120.0,13.0,3.0,2.0,2.0,0.0,0.0,0.0,1.0,0.0,11.0,174.0,2972.5,31.0,380.0,31.5,422444.98,463757.17,0.0,8.5,169352.59,28746.25,1.0,0.0,2.0,1.0,1.0,3.0,0.0,0.0,4.0,0.33,0.0,1499.17,0.0,2.0,0.0,6.0,0.0,0.0,11.0,1.0,4.0,1.0,0.0,0.0,3136.83,1.67,4.25,12.0,0.0,10.0,1.0,0.0,0.0,29.5,1499.17,5.0,0.0,0.0,0.0,0.0,0.0,0.0,2.0,0.25,0.0,8.33,0.0,0.0,1.0,0.0,0.0,0.0,0.0,0.0,0.0,2.0,0.0,0.0,0.0,1.5,0.0,0.0,0.0,54.0,410.83,353.0,0.0,55.5,16.0,26.0,1.0,1.0,3.0,0.0,0.99,15.5,0.0,0.0,1.33,1.33,0.0,10.0,0.0,0.0,0.0,2.42,8.0,1.84,0.0,12.0,0.0,2.0,10.0,0.0,8.0,0.0,0.0,0.0,0.0,0.0,0.0,4.0,76.5,0.0,0.0,0.0,0.0,0.0,0.0,16.0,7.33,0.0,11.0,3.0,2.0,0.0,0.0,0.0,0.0,0.0,2.0,2.5,0.0,2.0,1.0,1.0,1.0,2.5,1.0,154.0,1.0,66.0,61.0,0.0,0.0,0.0,3.5,0.0,688.0,5339.5,3.67,0.0,0.0,0.0,1295.83,0.0,21.0,301.0,27854.0,244.0,1.0,21170.0,0
sample_19,601240.79,924.0,43487.83,164.5,4.0,3073.0,68.25,0.0,242.17,0.0,128.33,0.0,0.0,15.0,4691.0,2.5,25083.83,2.5,1078.0,9.0,0.0,8139.58,3.0,43130.25,248.5,7.0,1330.0,7.0,0.0,0.0,0.0,0.0,0.0,0.0,0.0,0.0,7.0,107.0,2035.5,16.0,80.0,12.0,224900.82,174504.67,0.0,6.0,83631.34,7300.25,0.0,0.0,4.0,2.5,2.5,0.0,0.0,0.0,1.0,0.33,0.0,1716.5,0.0,13.0,0.0,0.0,0.0,0.0,0.0,0.0,1.0,5.0,0.0,0.0,1186.5,0.67,7.5,18.5,0.0,5.0,0.0,1.0,0.0,40.5,1716.5,5.0,0.0,0.0,0.0,0.0,0.0,0.0,1.0,0.0,0.0,9.33,0.0,0.0,3.0,0.0,0.0,0.0,0.0,0.0,0.0,1.0,0.5,0.0,0.0,2.0,0.0,0.0,0.0,16.0,430.0,139.0,0.0,42.5,6.0,6.0,0.0,0.0,1.0,0.0,0.0,1.0,0.0,0.0,0.0,0.0,0.0,1.5,0.0,0.0,0.0,0.5,9.5,1.5,0.0,3.0,0.0,3.0,9.0,0.0,2.0,0.0,0.0,0.0,0.0,0.0,0.0,12.0,31.0,0.0,0.0,0.0,0.0,0.0,0.0,4.0,6.33,0.0,5.75,0.0,2.0,0.0,1.0,0.0,0.0,1.0,2.0,4.0,1.0,0.0,1.0,0.0,0.0,1.0,1.0,54.0,0.0,26.0,28.33,0.0,1.0,0.0,5.5,0.0,651.0,2380.5,5.33,0.0,0.0,0.0,608.83,0.0,29.5,257.0,23752.5,152.0,0.0,11528.5,0
sample_20,923612.02,1081.0,84369.75,231.0,4.0,3882.83,55.5,0.0,291.25,0.0,161.5,0.0,0.0,13.0,6010.5,5.5,40121.42,1.5,1457.5,6.0,0.0,13040.25,6.0,56189.83,183.0,2.0,1259.17,15.0,3.0,2.0,2.0,0.0,0.0,0.0,0.0,1.5,14.0,130.5,3179.83,27.0,152.0,27.0,335039.32,253280.67,0.0,6.25,119657.33,17309.5,7.0,0.0,2.0,2.0,2.0,5.0,0.0,0.0,1.0,0.67,1.0,2070.92,0.0,4.0,0.0,1.0,0.0,0.75,0.0,0.0,0.0,2.0,0.0,0.0,1796.0,0.0,3.83,39.0,1.0,4.0,1.0,7.0,0.0,23.5,2070.92,6.0,0.0,0.0,0.0,0.0,0.0,0.0,0.0,0.0,0.0,8.67,0.0,0.0,1.0,0.0,0.0,0.0,0.0,0.0,0.0,0.0,0.0,0.0,0.0,1.5,0.0,0.0,0.0,34.0,496.5,217.0,0.0,31.5,11.0,12.0,0.0,4.0,0.0,0.0,0.0,8.0,0.0,0.0,0.0,0.0,0.0,6.25,0.0,0.0,0.0,0.25,4.5,2.0,0.0,11.0,0.0,1.0,10.33,0.0,9.0,1.0,0.0,0.0,0.0,0.0,0.0,8.0,43.0,0.0,0.0,0.0,1.0,0.0,0.0,4.0,1.0,1.0,11.5,0.0,3.0,0.0,2.0,0.0,0.0,2.0,1.0,0.0,2.0,2.0,0.0,0.0,1.0,2.0,1.0,67.33,2.0,34.0,50.33,0.0,0.0,0.0,1.0,0.0,803.0,4088.75,3.0,0.0,0.0,0.0,988.5,0.0,30.33,310.0,30059.0,181.0,1.0,14666.5,0
sample_21,1080106.31,418.75,119319.67,385.0,31.0,3438.5,41.0,0.0,270.17,0.0,389.0,0.0,0.0,9.0,3881.5,9.0,29592.67,10.0,1119.5,11.0,0.0,6606.83,5.0,32639.83,180.0,55.0,1301.58,6.0,0.0,2.0,2.0,0.0,0.0,0.0,0.0,0.0,15.0,110.5,4370.83,9.0,48.0,45.5,730758.82,271530.75,0.0,13.5,62845.16,24314.33,0.0,0.0,3.0,2.0,2.0,3.0,0.0,0.0,0.0,0.0,0.0,2166.25,11.0,6.0,1.0,8.0,1.0,0.0,12.0,0.0,1.0,0.0,0.0,0.0,1387.0,0.0,7.83,20.0,2.0,4.0,0.0,2.0,0.0,50.5,2166.0,4.0,0.0,0.0,0.0,0.0,0.0,0.0,2.0,0.33,0.0,11.5,0.0,0.0,1.0,0.0,5.0,0.0,0.0,0.0,0.0,1.0,1.0,0.0,0.0,0.0,0.0,0.0,0.0,20.0,2462.17,615.0,0.0,100.25,17.0,24.0,1.0,5.0,2.0,0.0,0.0,3.0,0.0,3.0,0.0,0.0,0.0,4.0,0.83,0.0,0.0,0.25,2.33,5.5,0.0,4.0,0.0,0.0,6.0,0.0,5.0,0.0,0.0,1.0,0.83,0.0,0.0,6.0,114.0,0.0,0.0,0.0,0.0,0.0,0.0,7.0,27.0,0.0,18.0,0.0,2.0,0.0,0.0,0.0,0.0,1.0,0.0,3.0,0.0,0.0,2.0,2.0,0.0,3.0,0.0,41.0,0.0,26.0,43.5,0.0,0.0,0.0,1.0,0.0,691.0,5287.33,5.33,0.0,0.0,0.0,690.58,0.0,25.33,378.33,30132.16,286.5,7.0,8025.5,0
sample_22,1234320.06,531.75,135104.58,482.5,24.0,5711.0,57.5,0.0,367.83,0.0,500.17,0.0,0.0,9.33,5542.0,9.0,39904.67,6.0,1777.66,4.0,0.0,8450.25,22.0,49608.08,283.0,23.5,2168.5,10.0,0.0,2.0,1.0,0.0,0.0,0.0,0.0,0.0,13.0,183.5,4553.0,10.0,50.0,63.0,984850.64,307651.0,0.0,13.25,79757.16,31924.08,1.0,0.0,4.0,3.0,3.0,2.0,0.0,0.0,1.0,0.0,0.0,3325.96,22.0,8.0,0.0,6.0,1.0,0.0,9.0,0.0,0.0,3.0,0.0,0.0,1723.0,0.0,11.08,9.0,2.0,3.0,0.0,2.0,0.0,46.0,3325.96,0.0,0.0,0.0,0.0,0.0,0.0,0.0,1.0,0.58,0.0,11.0,0.0,1.0,4.0,0.0,1.0,0.0,0.0,0.0,0.0,1.0,1.0,0.0,0.0,1.5,0.0,0.0,0.0,44.0,2809.0,581.0,0.0,137.25,12.0,29.25,2.0,4.0,2.0,0.0,0.0,1.0,0.0,0.0,0.0,0.0,0.0,3.33,0.83,0.0,0.0,0.67,5.33,5.58,0.0,5.5,0.0,0.0,10.0,0.0,8.0,0.0,0.0,0.0,0.83,0.0,0.0,11.0,58.5,0.0,0.0,0.0,2.0,0.0,0.0,7.0,25.0,0.0,25.25,1.0,6.0,0.0,0.0,0.0,0.0,0.0,0.0,3.5,0.0,1.0,2.0,1.0,2.0,5.83,1.0,1.0,1.0,16.0,49.5,0.0,0.0,0.0,2.5,0.0,1079.0,6211.83,6.67,0.0,0.0,0.0,737.33,0.0,19.5,540.33,41207.16,340.0,10.0,11690.17,0
sample_23,1036532.48,767.25,78018.17,248.83,62.0,2231.0,76.5,0.0,336.83,0.0,238.0,0.0,0.0,18.0,5434.83,16.0,38153.33,5.0,1529.5,7.0,0.0,8631.08,4.0,43934.67,231.0,6.0,1224.0,11.0,0.0,2.0,0.0,0.0,0.0,0.0,1.0,0.0,13.0,108.5,1423.5,13.0,57.0,33.0,483931.48,253616.08,0.0,3.83,86062.34,15605.83,2.0,0.0,2.0,1.5,1.5,2.0,0.0,0.0,0.0,0.33,0.0,1372.75,0.0,1.0,0.0,0.0,1.0,0.0,1.0,0.0,1.0,3.0,0.0,0.0,1439.5,0.67,2.75,20.0,0.0,5.0,0.0,2.0,0.0,45.5,1372.75,3.0,0.0,0.0,0.0,0.0,0.0,0.0,0.0,0.0,0.0,9.0,0.0,0.0,0.0,0.0,1.0,0.0,0.0,0.0,0.0,0.0,0.0,0.0,0.0,0.0,0.0,0.0,0.0,14.0,727.67,215.0,0.0,46.0,6.0,17.0,0.0,2.0,0.0,0.5,0.0,11.5,1.0,2.0,0.25,0.25,2.0,1.83,0.0,0.0,0.5,0.67,12.0,1.66,0.0,7.0,0.0,0.0,6.5,0.0,7.0,0.0,0.0,0.0,0.0,0.0,0.0,5.0,19.0,0.0,0.0,0.0,0.0,0.0,0.0,8.0,16.33,0.0,6.0,0.0,2.0,0.0,0.0,0.0,0.0,1.0,0.0,2.0,1.0,0.0,1.0,3.0,1.0,4.0,2.0,52.67,1.0,22.0,29.0,0.0,1.0,0.0,2.0,0.0,840.5,4522.33,4.33,0.0,0.0,0.0,740.5,0.0,24.83,298.0,20490.16,167.0,0.0,12603.25,0
sample_24,1478345.87,840.0,123298.08,249.0,11.0,3118.0,83.0,0.0,520.33,0.0,365.0,0.0,0.0,14.0,6936.0,11.0,57468.67,10.0,2936.0,9.0,0.0,13138.42,4.0,59061.67,243.0,14.0,1469.25,6.0,0.0,1.0,2.0,0.0,0.0,0.0,0.0,0.0,11.0,244.0,2977.33,27.0,78.0,37.0,619079.32,382134.17,0.0,5.25,126725.59,18492.0,1.0,0.0,7.0,2.5,2.5,3.0,0.0,1.0,6.0,0.0,0.0,1607.67,6.0,7.0,0.0,4.0,0.0,0.0,2.0,2.0,1.0,9.0,0.0,0.0,1914.5,0.33,4.0,27.0,2.0,4.33,0.0,4.0,0.0,95.83,1607.17,7.0,0.0,0.0,0.0,0.0,0.0,0.0,2.0,0.25,0.0,7.67,0.0,2.0,1.0,1.0,0.0,0.0,0.0,0.0,0.0,1.0,0.5,0.0,0.0,0.5,0.0,0.0,2.0,25.0,936.17,271.0,0.0,91.33,10.0,21.0,0.0,0.0,0.0,0.0,0.99,11.5,1.0,0.0,1.0,1.0,0.0,4.0,0.0,0.0,0.0,0.75,2.0,3.5,0.5,7.0,0.0,1.0,4.0,0.0,6.0,0.0,0.0,0.0,0.0,0.0,0.0,6.0,42.0,0.0,0.0,0.0,1.0,0.0,0.0,10.0,12.5,0.0,11.0,2.0,3.0,0.0,1.0,0.0,0.0,0.0,0.0,3.0,0.0,1.0,1.0,2.0,2.0,3.33,2.0,141.08,1.5,34.5,42.0,0.0,0.0,2.0,3.0,0.0,1173.5,6569.67,4.67,1.0,0.0,0.0,1096.58,0.0,26.0,484.0,21633.84,256.5,2.0,19701.42,0
sample_25,1858171.88,2626.0,144758.33,519.5,6.0,4529.5,199.5,0.0,727.67,0.25,576.0,0.0,0.0,51.5,12782.5,49.5,103705.0,11.0,7244.0,30.0,0.0,31526.92,7.0,135796.08,565.0,6.0,2607.83,21.0,0.0,7.0,3.0,0.0,0.0,0.0,2.0,0.0,24.5,341.5,5968.0,63.0,181.0,81.0,944099.46,829992.91,0.0,12.5,292987.41,23950.42,1.0,0.0,3.5,8.0,8.0,2.0,1.0,0.0,9.0,0.0,0.0,2411.75,5.0,8.0,0.0,7.0,3.0,0.0,5.0,0.0,1.0,16.0,0.0,0.0,3617.0,0.67,9.0,82.0,0.0,10.0,1.0,9.0,0.0,214.0,2411.75,10.0,0.0,0.0,0.0,1.0,0.0,0.0,0.0,0.67,0.0,12.42,2.0,1.0,0.0,1.0,4.0,0.0,0.0,0.0,0.0,4.0,0.0,0.0,0.0,4.0,0.0,0.0,0.0,46.0,1230.92,350.0,0.0,133.83,23.0,29.33,0.0,5.0,1.0,0.0,3.0,24.5,1.0,0.0,1.83,1.83,0.0,19.17,0.0,0.0,0.0,2.67,23.5,4.66,0.0,18.5,0.0,1.5,28.5,0.0,10.0,0.0,0.0,0.0,0.0,0.33,0.0,26.0,64.0,0.0,0.0,0.0,2.0,0.0,0.0,19.0,20.0,0.0,41.75,0.0,0.0,0.0,3.0,0.0,0.0,0.0,1.0,11.0,2.0,0.0,1.0,3.0,1.0,6.25,2.0,272.67,2.0,77.0,82.5,0.0,1.0,0.0,7.0,0.0,1946.5,13602.58,10.67,0.0,0.0,0.0,3092.92,0.0,43.17,809.0,46088.34,425.0,0.0,36399.25,0
sample_26,979381.07,1422.75,80560.33,264.0,67.0,1372.0,97.0,0.0,299.0,0.0,174.0,0.0,0.0,17.5,8028.5,23.0,56758.67,7.0,6058.66,14.0,0.0,15481.58,5.0,79849.58,265.5,8.5,922.0,6.0,2.0,3.0,0.0,0.0,0.0,0.0,1.0,0.0,9.0,124.5,1838.0,35.0,60.0,45.5,491347.98,469603.17,0.0,6.5,166237.25,15351.75,1.0,0.0,1.0,2.0,2.0,2.0,0.0,0.0,2.0,0.0,0.0,857.5,4.0,3.0,0.0,5.0,0.0,0.25,2.0,0.0,1.0,11.0,0.0,0.0,2963.5,0.0,2.0,46.0,1.0,5.0,0.0,0.0,0.0,218.0,857.5,3.0,0.0,0.0,0.0,0.0,0.0,0.0,0.0,0.25,1.0,3.33,0.0,0.0,0.0,0.0,2.0,0.0,0.0,0.0,0.0,1.0,0.5,0.0,0.0,3.0,0.0,0.0,0.0,27.0,404.25,336.0,0.0,71.5,13.0,23.0,1.0,3.0,1.0,0.0,0.99,16.5,0.0,2.0,1.0,1.0,0.0,14.17,0.0,0.0,0.0,0.75,5.0,3.34,0.0,7.0,0.0,2.5,20.5,0.0,15.0,0.0,0.0,0.0,0.0,0.0,0.0,4.0,69.0,0.0,0.0,0.0,0.0,0.0,0.0,7.0,6.33,0.0,20.25,0.0,5.0,0.0,1.0,0.0,0.0,0.0,1.0,1.0,2.0,2.0,4.0,1.0,1.0,2.0,0.0,125.92,0.0,55.0,39.5,0.0,0.0,0.0,0.0,0.0,870.0,7489.92,3.0,0.0,0.0,0.0,2170.75,0.0,14.75,342.0,16076.66,185.0,1.0,19040.58,0
sample_27,885663.77,1481.08,73136.42,218.0,9.0,2920.0,93.0,0.0,408.67,0.0,199.5,0.0,0.0,18.0,5476.5,17.0,41747.83,3.0,2459.34,16.0,0.0,16047.42,9.0,66052.75,367.0,4.0,1644.33,17.0,0.0,1.0,2.0,0.0,0.0,0.0,0.0,0.0,8.0,118.5,1844.5,32.0,130.0,23.0,384780.16,280760.83,0.0,3.5,129844.41,14800.0,6.0,0.0,5.0,2.5,2.5,0.0,0.0,0.0,1.0,0.67,0.0,1539.29,4.0,5.0,0.0,4.0,0.0,0.0,5.0,0.0,1.0,4.0,0.0,0.0,1659.5,0.0,5.08,19.0,2.0,13.0,2.0,4.0,0.0,75.0,1539.29,4.0,0.0,0.0,0.0,0.0,0.0,0.0,0.0,0.83,0.0,10.67,0.0,0.0,0.0,1.0,2.0,0.0,0.0,1.0,0.0,1.0,1.5,0.0,0.0,1.5,0.0,0.0,0.0,31.0,856.08,181.0,0.0,48.5,8.0,8.0,1.0,2.0,0.0,0.0,0.0,4.0,0.0,0.0,1.33,1.33,0.0,10.5,0.0,0.0,0.0,0.92,23.0,3.34,0.0,10.0,0.0,0.0,17.0,0.0,7.0,0.0,0.0,0.0,0.0,0.0,0.0,7.0,36.5,0.0,0.0,0.0,1.0,0.0,0.0,6.0,7.33,0.0,19.75,0.0,2.5,0.0,3.0,0.0,0.0,0.0,4.0,2.0,1.0,0.0,1.0,1.0,0.0,2.0,1.0,109.83,2.0,27.0,37.0,0.0,0.0,0.0,2.5,0.0,1154.5,5279.33,9.67,0.0,0.0,0.0,1109.33,0.0,37.0,424.0,22516.34,234.0,0.0,16431.17,0
sample_28,918971.09,1465.25,96025.33,238.5,12.5,2470.0,87.5,0.0,370.33,0.0,188.5,0.0,0.0,26.0,5507.0,5.0,37463.33,7.0,2485.5,9.0,0.0,18775.0,7.0,58080.08,216.5,179.5,1255.5,14.0,0.0,3.0,0.0,0.0,0.0,0.0,0.0,0.0,5.0,130.0,1397.0,25.0,228.0,29.0,355511.16,315370.67,0.0,5.0,129408.16,15738.83,2.0,0.0,2.5,5.0,5.0,1.0,0.0,0.0,1.0,1.83,0.0,1060.08,0.0,5.0,0.0,5.0,1.0,0.0,8.0,0.0,3.0,0.0,0.0,0.0,1846.25,0.0,2.75,35.0,1.0,11.0,2.0,1.0,0.0,54.5,1060.08,4.0,0.0,0.0,0.0,0.0,0.0,0.0,0.0,0.33,0.0,10.0,0.0,0.0,3.0,0.0,1.0,0.0,0.0,0.0,0.0,3.0,0.0,0.0,0.0,1.5,0.0,0.0,0.0,30.0,545.83,189.0,0.0,46.0,12.0,6.0,0.0,3.0,2.0,0.0,0.0,7.5,0.0,0.0,0.33,0.33,0.0,16.0,0.0,0.0,0.0,1.5,12.0,2.34,0.0,8.0,0.0,3.0,18.5,0.0,5.0,0.0,0.0,0.0,0.0,0.5,0.0,7.0,25.0,0.0,0.0,0.0,0.0,0.0,0.0,10.0,3.33,0.0,11.0,0.0,2.0,0.0,1.0,0.0,0.0,1.0,1.0,5.5,0.0,1.0,2.0,1.0,1.0,3.75,1.0,109.17,2.0,38.0,35.0,0.0,0.25,0.0,1.5,0.0,815.33,5125.83,3.33,0.0,0.0,0.0,1395.75,0.0,32.75,331.0,19804.66,202.0,0.0,14972.17,0
sample_29,876441.95,1335.75,62264.92,196.5,10.0,2372.5,201.0,0.0,392.33,0.0,233.0,0.0,0.0,12.0,5618.0,21.0,43825.33,1.0,3017.66,11.0,0.0,16894.33,9.0,62849.08,413.0,9.0,1863.75,4.0,0.0,0.0,0.0,0.0,0.0,0.0,0.0,0.0,13.5,180.0,1706.5,37.0,125.0,26.0,420312.66,304562.83,0.0,7.0,142587.34,15040.0,1.0,0.0,6.0,3.5,3.5,1.0,0.0,0.0,2.0,1.92,0.0,1402.25,5.0,4.0,0.0,0.0,1.0,0.0,7.0,0.0,1.0,13.0,0.0,0.0,1625.5,0.0,2.25,40.0,2.0,6.5,1.33,5.0,0.0,80.0,1402.25,5.0,0.0,0.0,0.0,0.0,0.0,0.0,0.0,0.0,0.0,8.33,0.0,0.0,0.0,0.0,0.0,0.0,0.0,0.0,0.0,0.0,0.0,0.0,0.0,0.5,0.0,0.0,0.0,26.0,415.33,260.0,0.0,50.0,11.0,21.0,0.0,0.0,0.0,0.25,0.99,4.0,0.0,1.0,0.0,0.0,0.0,8.5,0.0,0.0,0.0,0.0,3.5,4.08,0.0,18.0,0.0,0.0,24.0,0.0,8.0,0.0,0.0,0.0,0.0,0.0,0.0,14.0,40.0,0.0,0.0,0.0,1.0,0.0,0.0,5.0,7.33,1.0,11.5,1.0,4.0,0.0,0.0,0.0,0.0,0.0,3.0,2.0,0.0,0.0,0.0,3.0,1.0,5.08,1.0,107.33,0.0,38.0,35.0,0.0,3.0,0.0,5.5,0.0,1061.0,6217.0,3.33,0.0,0.0,0.0,1170.0,0.0,52.5,379.0,18811.5,199.0,1.0,18037.83,0
sample_30,1666436.36,558.25,170163.0,495.5,8.0,5736.5,105.5,0.0,435.17,0.0,539.83,0.0,0.0,40.25,5565.0,16.0,43942.17,3.0,1283.84,19.0,0.0,9636.5,28.0,48875.92,244.0,10.66,2416.0,19.0,1.0,0.0,1.0,0.0,0.0,0.0,0.0,0.0,16.0,209.0,3694.0,22.0,38.0,42.5,939717.16,312831.5,0.0,12.25,96358.67,29867.08,3.0,0.0,11.0,5.5,5.5,8.0,0.0,0.0,3.0,0.0,0.0,3124.71,6.0,3.0,0.0,4.0,0.0,0.0,10.0,0.0,2.0,10.0,0.0,0.0,1618.0,0.0,14.08,16.0,2.0,1.0,0.0,6.0,0.0,43.0,3124.71,5.0,0.0,0.0,0.0,0.0,0.0,0.0,0.0,0.92,0.0,18.5,0.0,0.0,1.0,1.0,3.0,0.0,2.0,1.0,0.0,1.0,0.0,0.0,0.0,1.5,0.0,0.0,0.0,19.0,3665.42,602.0,0.0,107.0,16.0,27.0,1.0,4.0,2.0,0.0,0.0,3.0,0.0,1.0,0.33,0.33,0.0,3.0,0.5,0.0,0.0,0.25,8.0,5.34,0.0,8.0,1.0,0.0,4.0,0.0,3.0,0.5,0.0,0.0,0.5,0.0,0.0,7.0,57.0,0.0,0.0,0.0,0.0,0.0,0.0,5.0,15.08,0.0,15.0,0.0,4.5,0.0,1.0,0.0,0.0,1.0,1.0,5.0,2.0,1.0,4.0,4.0,3.0,7.0,1.0,56.67,3.0,30.0,60.5,1.0,2.0,0.0,5.5,0.0,1317.0,8969.33,10.33,0.0,0.0,0.0,843.83,0.0,60.25,540.0,45076.66,383.0,5.0,13559.33,0
sample_31,1427316.47,1174.5,134636.83,245.5,9.0,2226.5,47.0,0.0,348.83,0.0,302.0,0.0,0.0,41.0,5683.25,20.0,47344.75,8.0,1749.5,11.0,0.0,14831.0,20.0,56916.75,237.0,56.0,1126.67,13.0,0.0,1.0,1.0,0.0,0.0,0.0,1.0,0.0,11.5,140.0,3832.0,37.0,115.0,38.5,570902.48,452170.33,0.0,7.0,112473.34,20810.92,0.0,0.0,6.0,4.0,4.0,4.0,0.0,0.0,2.0,0.0,0.0,1293.87,7.0,1.0,0.0,3.0,1.0,0.0,30.0,0.0,0.0,5.0,0.0,0.0,1488.0,1.0,5.75,11.0,0.0,3.0,1.0,2.0,0.0,82.0,1293.87,4.0,0.0,0.0,0.0,0.0,0.0,0.0,1.0,0.58,0.0,8.33,1.0,0.0,0.5,0.0,0.0,0.0,0.0,0.0,0.0,1.0,0.0,0.0,0.0,1.0,1.0,0.0,0.0,27.0,2281.83,182.0,0.0,67.5,14.0,16.0,1.0,3.0,0.0,0.25,0.99,12.0,0.0,0.0,0.0,0.0,0.0,11.0,0.0,0.0,0.0,1.25,10.5,2.08,0.0,4.0,0.0,2.5,17.0,0.0,7.0,1.0,0.0,0.0,0.0,0.0,0.0,11.0,72.5,0.0,0.0,0.0,0.0,0.0,0.0,9.0,12.0,0.0,10.25,0.0,2.0,0.0,0.0,0.0,0.0,0.0,1.0,1.0,1.0,1.0,2.0,3.0,2.0,1.5,0.0,53.67,1.0,41.0,36.0,0.0,1.0,0.0,1.0,0.0,805.0,6503.75,7.67,0.0,0.0,0.0,1330.42,0.0,14.75,368.0,28221.66,225.0,3.0,12944.33,0
sample_32,694334.55,467.75,64745.75,214.5,13.0,1830.0,17.0,0.0,145.17,0.0,213.67,0.0,0.0,12.5,3497.5,10.0,38422.5,3.5,1008.84,7.0,0.0,8812.83,6.0,41984.83,60.0,9.0,602.5,3.0,1.0,2.0,2.0,0.0,0.0,0.0,0.0,0.0,8.0,84.0,2064.0,19.0,65.0,14.5,359765.48,270564.25,0.0,4.0,63475.66,12307.5,2.0,0.0,2.0,3.0,3.0,1.0,1.0,0.0,1.5,0.0,0.0,822.25,6.0,3.0,0.0,2.0,0.0,0.0,9.0,0.0,0.0,0.0,0.0,0.0,833.75,0.0,5.08,14.0,0.0,2.33,0.0,2.0,0.0,10.0,820.25,4.0,0.0,0.0,0.0,0.0,0.0,0.0,1.0,0.0,1.0,3.0,0.0,0.0,1.0,0.0,0.0,0.0,0.0,0.0,0.0,1.0,0.0,0.0,0.0,0.0,0.0,0.0,0.0,15.0,429.25,82.0,0.0,36.0,9.0,9.0,0.0,0.0,1.0,0.0,0.0,3.0,0.0,0.0,0.0,0.0,0.0,3.0,0.0,0.0,0.0,1.33,10.83,1.66,0.0,2.0,1.0,1.0,8.0,0.0,3.0,0.0,0.0,0.0,0.0,0.0,0.0,12.0,21.0,0.0,0.0,0.0,1.0,0.0,0.0,5.0,3.0,0.0,2.25,0.0,0.0,0.0,1.0,0.0,0.0,0.0,0.0,0.0,0.0,0.0,0.0,0.0,0.5,3.0,0.0,0.0,0.0,22.0,24.0,0.0,1.0,0.0,0.0,0.0,443.0,3265.17,3.67,0.0,0.0,0.0,546.17,0.0,9.0,214.0,15707.5,119.33,3.0,7827.33,0
sample_33,1153565.45,581.5,84306.08,155.5,32.0,2793.0,94.0,0.0,273.83,0.0,187.5,0.0,2.0,18.0,7652.5,11.0,42421.0,3.0,990.16,7.0,0.0,6194.83,2.0,63788.92,220.0,13.0,722.5,4.0,0.0,0.0,2.0,0.0,0.0,0.0,2.0,0.0,15.5,57.5,1761.5,11.0,187.0,14.0,357101.16,276555.33,0.0,3.5,66189.66,9074.0,0.0,0.0,1.0,1.5,1.5,2.0,0.0,1.0,3.0,0.0,0.0,1366.0,1.0,0.0,0.0,1.0,0.0,0.0,8.0,0.0,4.0,4.0,0.0,0.0,926.5,0.0,4.0,11.0,0.0,5.0,1.0,2.0,0.0,16.0,1366.0,1.0,0.0,0.0,0.0,0.0,0.0,0.0,1.0,0.0,0.0,17.67,0.0,2.0,1.5,0.0,1.0,0.0,0.0,0.0,0.0,0.0,0.0,0.0,0.0,2.5,0.0,0.0,0.0,46.0,397.5,156.0,0.0,16.0,6.0,4.0,2.0,0.0,0.0,0.25,0.0,10.0,0.0,0.0,0.67,0.67,0.0,0.5,0.0,0.0,0.0,0.5,12.0,3.0,0.0,4.0,2.0,2.5,9.5,0.0,9.0,0.0,0.0,0.0,0.0,0.0,0.0,6.0,27.0,0.0,0.0,0.0,1.0,0.0,0.0,6.0,3.33,0.0,9.25,0.0,4.0,0.0,2.0,0.0,0.5,0.0,1.0,2.0,1.0,1.0,0.0,0.0,2.0,2.5,3.0,68.17,0.0,54.0,22.0,0.0,1.0,1.0,3.0,0.0,1229.0,3694.83,8.33,0.0,0.0,0.0,704.58,0.0,20.0,182.0,22580.0,86.0,1.0,19614.83,0
sample_34,1156942.33,312.5,87267.5,108.0,11.0,4221.0,17.5,0.0,300.42,0.0,235.0,0.0,0.0,11.0,7627.0,13.0,49367.33,7.0,1039.5,7.0,0.0,6658.75,11.0,54646.0,170.0,12.0,569.0,10.0,0.0,2.0,4.0,0.0,0.0,0.0,0.0,0.0,11.0,101.0,1858.5,20.0,133.0,33.5,391132.32,329310.17,0.0,4.5,54513.0,6910.5,1.0,0.0,5.0,2.5,2.5,5.0,1.0,0.0,3.0,0.0,0.0,3123.0,0.0,5.0,0.0,3.0,2.0,0.25,8.0,1.0,5.0,5.0,0.0,0.0,2216.0,0.33,12.33,23.0,1.0,7.0,2.0,3.0,0.0,38.0,3123.0,4.0,0.0,0.0,0.0,0.0,0.0,0.0,1.0,0.25,0.0,5.33,0.0,1.0,0.0,0.0,0.0,0.0,0.0,0.0,0.0,2.0,1.0,0.0,0.0,0.0,0.0,0.0,0.0,36.0,1786.42,128.5,0.0,32.5,17.5,12.0,1.0,1.0,1.0,0.0,0.0,6.0,0.0,0.0,1.67,1.67,0.0,3.0,0.33,0.0,0.0,0.5,7.0,3.16,0.0,4.0,0.0,0.0,8.5,0.0,16.0,0.0,0.0,0.0,0.33,0.0,0.0,15.0,31.0,0.0,0.0,0.0,0.0,0.0,0.0,6.0,2.0,0.0,44.5,0.0,1.0,0.0,1.0,0.0,0.0,5.0,0.0,0.0,0.0,1.0,2.0,0.0,0.33,2.0,0.0,118.33,0.0,50.0,24.5,1.0,0.0,0.0,0.5,0.0,1752.0,4172.0,8.33,0.0,0.0,0.0,675.0,0.0,4.0,214.0,40640.84,140.0,0.0,14850.83,0
sample_35,1061832.11,1171.25,82160.42,282.67,13.0,2342.0,66.08,0.0,289.67,0.0,259.0,0.0,0.0,20.0,6727.5,18.0,48936.17,4.5,2416.16,11.0,0.0,12640.08,6.0,64480.33,161.0,6.0,1050.83,14.0,0.0,1.0,3.0,0.0,0.0,0.0,0.0,0.0,13.5,156.0,2916.58,17.0,149.0,31.75,404816.66,360357.83,0.0,4.5,126423.84,9703.0,3.0,0.0,4.0,1.0,1.0,5.0,0.0,0.0,1.33,0.33,0.0,1085.08,2.0,0.0,0.0,4.0,0.0,0.0,2.0,0.0,3.0,8.5,0.0,0.0,1633.0,0.33,6.0,22.0,1.0,4.0,1.0,0.0,0.0,86.5,1085.08,7.0,0.0,0.0,0.0,1.5,0.0,0.0,2.0,0.25,0.0,7.83,0.0,0.0,1.0,0.0,2.0,0.0,0.0,0.0,0.0,1.0,0.0,0.0,0.0,1.0,0.0,0.0,0.0,28.0,1035.5,210.0,0.0,44.0,18.0,11.0,0.0,2.0,0.0,0.0,0.0,7.0,0.0,0.0,0.67,0.67,0.0,8.0,0.0,0.0,0.0,0.75,11.0,2.34,0.0,4.0,1.0,0.5,16.5,0.0,5.5,0.0,0.0,0.0,0.0,0.0,0.0,13.0,20.0,0.0,0.0,0.0,1.0,0.0,0.0,13.0,5.0,0.0,18.25,0.0,3.0,0.0,0.0,0.0,0.0,1.5,3.0,6.0,1.0,2.0,1.0,0.0,0.0,2.83,0.0,140.67,2.0,33.0,29.83,0.0,0.0,0.0,1.0,0.0,927.33,5050.33,8.33,0.0,0.0,0.0,1079.5,0.0,18.0,297.0,22246.84,187.0,1.0,17941.33,0
sample_36,1252890.32,1405.25,105970.83,228.5,7.0,2603.0,96.5,0.0,387.17,0.0,238.5,0.0,0.0,23.5,6746.33,28.0,45366.58,8.5,2212.0,11.0,0.0,15167.25,6.0,58104.92,198.0,9.0,1120.5,26.0,3.0,0.0,3.0,0.0,0.0,0.0,0.0,0.0,19.0,102.0,1487.0,16.0,282.0,43.0,411492.66,361609.92,0.0,7.5,144325.84,12226.0,5.0,0.0,3.0,1.5,1.5,1.0,0.0,0.0,2.0,0.83,0.0,1272.88,9.0,5.0,0.0,3.0,0.0,0.0,4.0,0.0,1.0,3.0,0.0,0.0,1592.33,0.0,3.25,55.0,1.0,5.0,1.0,1.0,0.0,22.0,1272.88,3.0,0.0,0.0,0.0,0.0,0.0,0.0,0.0,0.33,0.0,5.33,0.0,1.0,0.0,0.0,0.0,0.0,0.0,0.0,0.0,2.0,0.0,0.0,0.0,1.0,0.0,0.0,0.0,26.0,402.92,169.0,0.0,51.0,19.0,14.0,0.0,8.0,3.0,0.0,0.0,7.5,2.0,0.0,0.67,0.67,0.0,11.0,0.67,0.0,0.0,0.33,10.33,3.5,0.0,5.0,1.0,2.5,19.5,0.0,13.0,1.0,0.0,0.0,0.67,1.33,0.0,7.0,27.0,0.0,0.0,0.0,1.0,0.0,0.0,9.0,4.0,0.0,4.75,2.0,0.0,0.0,1.0,0.0,0.0,2.0,0.0,4.0,1.0,2.0,0.0,0.0,0.0,1.75,2.0,136.17,3.0,54.0,52.0,1.0,0.0,0.0,0.0,0.0,1043.0,5479.33,5.33,0.0,0.0,0.0,1166.33,0.0,16.25,293.0,24333.84,174.0,3.0,19516.92,0
sample_37,1672968.6,603.75,244416.25,407.5,17.0,3929.0,16.0,0.0,354.5,0.0,473.0,0.0,0.0,31.5,4826.0,15.0,31653.0,8.5,1159.84,12.0,0.0,11484.92,45.0,40491.83,177.0,97.0,1538.0,27.0,0.0,1.0,2.0,0.0,0.0,0.0,1.0,1.0,9.5,150.5,2971.0,18.0,475.0,36.0,957376.32,329443.17,0.0,13.5,89330.34,49333.33,6.0,0.0,5.5,3.0,3.0,1.0,0.0,0.0,2.0,0.0,0.0,2379.58,7.0,6.0,0.0,6.0,0.0,0.0,0.0,0.0,2.0,2.0,0.0,0.0,2243.83,0.0,10.42,12.0,4.5,4.0,1.0,2.0,0.0,20.5,2379.58,6.0,0.0,0.0,0.0,1.0,0.0,0.0,3.0,2.17,0.0,5.0,0.0,0.0,1.0,1.0,3.0,0.0,0.0,0.0,0.0,3.0,1.0,0.0,0.0,2.5,0.0,0.0,0.0,49.0,2083.0,560.0,0.0,102.75,15.5,25.0,3.0,10.0,1.0,0.0,0.0,3.5,0.0,2.0,0.33,0.33,0.0,6.5,0.0,0.0,0.0,1.58,0.0,0.92,0.0,4.0,1.5,0.5,10.5,0.0,7.0,0.0,0.0,0.0,0.0,0.33,0.0,7.0,74.5,0.0,0.0,0.0,0.0,0.0,0.0,20.0,14.92,0.0,11.0,0.0,1.0,0.0,0.0,0.0,0.0,1.0,0.0,1.0,0.0,0.0,2.0,0.0,2.0,2.0,0.0,49.67,1.0,20.0,44.0,0.0,0.0,0.0,0.0,0.0,1049.5,5900.83,11.0,0.0,0.0,0.0,541.0,0.0,8.0,450.0,32970.66,316.0,6.0,12870.83,0
sample_38,1971327.19,554.25,245438.83,383.5,32.0,10198.5,48.5,0.0,385.17,0.0,603.83,0.0,0.0,28.0,4570.0,5.5,44660.33,5.5,849.0,7.0,0.0,10304.33,13.0,46535.25,186.0,337.5,2290.83,45.0,1.0,4.0,3.0,0.0,0.0,0.0,0.0,0.0,13.0,209.5,3650.33,11.0,122.0,36.5,1073443.82,310049.83,0.0,14.5,74905.5,30070.25,7.0,0.0,6.0,4.5,4.5,3.0,0.0,0.0,8.0,0.58,0.0,3968.87,31.0,3.0,0.0,5.0,2.0,0.0,7.0,0.0,1.0,5.0,1.0,0.0,1750.0,0.0,16.5,16.0,2.0,5.0,0.0,8.0,0.0,30.0,3968.87,4.0,0.0,0.0,0.0,0.5,0.0,0.0,2.0,0.58,0.0,14.83,0.0,0.0,0.0,0.0,2.0,0.0,1.0,0.0,0.0,0.0,0.5,0.0,0.0,2.0,0.0,0.0,0.0,47.0,4606.33,375.0,0.0,117.25,27.0,21.0,1.0,4.0,0.0,0.0,0.0,2.0,0.0,1.0,0.25,0.25,0.0,4.0,0.67,0.0,0.0,1.67,8.0,3.16,0.0,6.5,0.0,0.5,10.5,0.0,7.0,0.0,0.0,0.0,0.67,0.0,0.0,4.0,45.0,0.0,0.0,0.0,0.0,0.0,0.0,10.0,6.25,0.0,10.75,0.0,5.0,0.0,0.0,0.0,0.0,1.0,0.0,3.0,2.0,1.0,2.0,3.0,0.0,3.5,0.0,130.33,0.0,39.0,83.5,0.0,0.0,0.0,3.33,0.0,1054.0,5659.33,16.33,1.0,0.0,0.0,562.5,0.0,45.25,324.0,71566.16,443.75,5.0,12968.67,0
sample_39,1665552.5,500.5,246570.5,299.5,29.0,5088.0,19.0,0.0,202.0,0.0,442.0,0.0,0.0,17.0,2833.75,11.0,30615.67,11.0,667.5,9.0,0.0,7581.5,24.0,40677.33,179.0,57.0,1520.5,23.0,1.0,0.0,2.0,0.0,0.0,0.0,0.0,0.0,7.0,121.0,4792.75,23.0,518.0,30.75,842892.98,392996.25,0.0,8.0,62701.16,40383.83,2.0,0.0,4.0,3.5,3.5,5.0,1.0,1.0,8.5,1.0,0.0,2720.83,5.0,0.0,0.0,5.0,1.0,0.0,2.0,0.0,3.0,3.0,0.0,0.0,1646.25,0.0,13.25,4.0,1.0,3.0,0.0,5.0,0.0,38.0,2720.83,5.0,0.0,0.0,0.0,0.5,0.0,0.0,0.0,0.0,0.0,2.83,0.0,0.0,0.0,1.0,2.0,0.0,0.0,1.0,0.0,1.0,0.0,0.0,0.0,2.0,0.0,0.0,0.0,53.5,3614.92,356.0,0.0,74.75,22.0,27.0,0.0,4.0,0.0,0.0,0.99,6.0,0.0,2.0,1.0,1.0,0.0,6.83,0.5,0.0,0.0,0.0,2.0,1.34,0.5,3.0,2.0,2.0,13.0,0.0,12.0,0.0,0.0,0.0,0.5,0.33,0.0,5.0,108.0,0.0,0.0,0.0,0.0,0.0,0.0,7.0,15.33,0.0,6.0,1.0,0.0,0.0,0.0,0.0,0.0,0.0,0.0,2.0,0.0,0.0,1.0,1.0,1.0,1.0,0.0,40.33,1.0,29.0,52.0,0.0,0.0,0.0,2.0,0.0,1018.33,7953.58,8.67,0.0,0.0,0.0,503.5,0.0,20.83,386.0,53491.0,359.0,7.0,12428.67,0
sample_40,994403.21,776.5,83164.17,225.83,221.0,1631.0,34.0,0.0,192.5,0.0,205.0,0.0,0.0,19.0,4733.83,20.0,42798.17,3.0,1646.66,6.0,0.0,9979.0,21.0,47465.92,90.0,3.0,724.0,12.0,0.0,2.0,1.0,0.0,0.0,0.0,0.0,0.0,13.0,63.0,1692.5,16.0,116.0,21.0,362781.0,309952.5,0.0,4.5,98775.0,18732.83,0.0,0.0,6.0,1.5,1.5,2.0,0.0,1.0,5.0,0.33,0.0,791.25,0.0,7.0,0.0,6.0,1.0,0.0,3.0,0.0,2.0,3.5,0.0,0.0,1441.5,0.0,3.75,10.0,0.0,1.0,2.0,3.0,0.0,19.5,791.25,3.0,0.0,0.0,0.0,0.5,0.0,0.0,0.0,0.5,0.0,5.33,0.0,1.0,1.0,0.0,3.0,0.0,1.0,0.0,0.0,2.0,0.0,0.0,0.0,0.0,0.0,0.0,0.0,20.0,454.67,147.0,0.0,35.0,5.5,6.0,0.0,1.0,2.0,0.0,0.0,7.0,0.0,0.0,0.0,0.0,0.0,3.5,0.0,0.0,0.0,0.5,6.0,1.16,0.0,4.0,0.0,0.5,10.5,0.0,3.0,0.0,0.0,0.0,0.0,0.0,0.0,4.0,47.0,0.0,0.0,0.0,1.0,0.0,0.0,9.0,0.0,0.0,6.5,0.0,0.0,0.0,0.0,0.0,0.0,0.0,1.0,2.0,0.0,0.0,0.0,0.0,0.0,2.0,2.0,53.67,2.0,27.0,14.0,0.0,0.0,0.0,1.0,0.0,551.0,4288.5,7.67,0.0,0.0,0.0,725.5,0.0,12.0,211.0,17461.16,137.5,0.0,12546.17,0
sample_41,1278626.4,1018.5,98027.42,193.0,31.0,3412.0,193.5,0.0,458.5,0.0,248.83,0.0,2.0,20.5,7188.5,13.0,50796.83,4.5,2256.66,6.0,0.0,9690.25,9.0,59583.92,659.5,75.0,1624.17,16.0,0.0,2.0,0.0,0.0,0.0,0.0,0.0,0.0,12.0,126.5,1783.5,13.5,153.0,59.5,490505.32,320475.33,0.0,6.0,91859.84,14219.0,0.0,0.0,4.0,1.0,1.0,3.0,0.0,1.0,4.0,0.0,0.0,2031.0,0.0,3.0,0.0,6.0,1.0,0.0,16.0,0.0,1.0,4.0,0.0,0.0,1642.83,0.0,2.5,44.0,1.0,4.0,0.0,2.0,0.0,35.0,2031.0,2.0,0.0,0.0,0.0,0.5,0.0,0.0,1.0,1.25,0.0,12.5,0.0,1.0,0.0,1.0,0.0,0.0,0.0,0.0,0.0,1.0,1.0,0.0,0.0,1.67,0.0,0.0,0.0,26.0,575.83,195.0,0.0,45.5,19.0,19.0,0.0,3.0,2.0,0.0,0.0,7.0,0.0,0.0,0.67,0.67,0.0,3.0,0.25,0.0,0.0,2.0,3.0,3.0,0.0,12.0,0.0,0.0,6.0,0.0,5.0,0.0,0.0,0.0,0.25,0.0,0.0,8.0,42.0,0.0,0.0,0.0,0.0,0.0,0.0,14.0,5.33,0.0,10.75,1.0,3.0,0.0,2.0,0.0,1.0,3.0,1.0,3.0,4.0,2.5,0.0,1.0,0.0,4.5,0.0,136.83,0.0,39.0,39.0,0.0,1.0,0.0,2.0,0.0,1839.33,4931.83,14.0,0.0,0.0,0.0,1054.17,0.0,41.5,515.0,23051.66,161.0,1.0,17329.67,1
sample_42,1473476.69,1134.5,115119.67,224.5,16.5,2619.5,111.0,0.0,505.42,0.0,307.83,0.0,1.0,18.0,8703.33,23.0,59170.33,8.0,4022.66,12.0,0.0,13341.0,13.0,74609.25,524.0,17.0,1450.67,12.0,0.0,3.0,1.0,0.0,0.0,0.0,0.0,0.0,17.5,174.0,2015.83,21.0,110.0,67.5,609860.14,421321.08,0.0,9.5,132917.5,16550.0,2.0,0.0,6.0,2.5,2.5,6.0,0.0,0.0,2.0,1.0,0.0,1665.58,8.0,3.0,0.0,5.0,1.0,0.0,13.0,0.0,0.0,4.0,0.0,0.0,1855.0,0.33,4.33,35.0,1.0,6.0,0.0,3.0,0.0,218.5,1664.58,4.0,0.0,0.0,0.0,1.5,0.0,0.0,1.0,0.92,0.0,11.0,1.0,0.0,2.0,2.0,3.0,0.0,1.0,0.0,0.0,4.0,0.0,1.0,0.0,4.0,0.0,0.0,0.0,39.0,942.42,243.0,0.0,44.83,20.0,14.33,0.0,1.0,4.0,0.0,0.0,5.0,0.0,2.0,0.92,0.92,1.0,5.25,0.0,0.0,0.0,0.5,4.5,2.5,0.0,13.0,0.0,0.5,18.5,0.0,14.0,0.0,0.0,0.0,0.0,0.0,0.0,10.0,44.0,0.0,0.0,0.0,1.0,0.0,1.0,10.0,9.33,0.0,18.25,0.0,1.0,0.0,1.0,0.0,0.0,0.0,0.0,1.0,1.0,0.0,2.0,0.0,0.0,1.0,2.0,163.17,1.0,35.0,30.5,0.0,1.0,0.0,2.0,0.0,1591.0,6724.33,15.33,0.0,0.0,0.0,1536.5,0.0,26.33,533.0,22959.5,250.0,1.0,23785.0,1
sample_43,1288680.22,832.75,92052.42,232.33,12.0,1880.0,139.5,0.0,385.0,0.0,264.0,0.0,0.0,19.0,8627.83,14.0,54186.33,8.0,2307.84,4.0,0.0,9898.83,8.0,66674.75,296.0,271.0,1009.67,21.0,0.0,3.0,2.0,0.0,0.0,0.0,0.0,0.0,20.0,73.5,1589.0,10.0,101.0,53.5,474958.48,386260.67,0.0,9.5,108196.0,13580.0,0.0,0.0,3.0,2.0,2.0,1.0,0.0,0.0,4.0,0.83,0.0,1218.67,0.0,3.0,0.0,2.0,0.0,0.0,5.0,0.0,2.0,3.0,0.0,0.0,1175.0,1.0,4.5,17.0,0.0,15.0,1.0,2.0,0.0,31.0,1218.67,1.0,0.0,0.0,0.0,0.0,0.0,0.0,0.0,0.33,0.0,6.5,0.0,0.0,0.0,1.0,1.0,0.0,1.0,1.0,0.0,2.0,0.0,0.0,0.0,0.0,0.0,0.0,0.0,24.0,328.17,289.0,0.0,36.5,14.5,15.0,1.0,1.0,0.0,0.0,0.99,13.5,0.0,0.0,0.67,0.67,0.0,2.0,0.0,0.0,0.0,0.5,4.0,2.16,0.0,8.0,2.0,2.5,12.5,0.0,10.0,0.0,0.0,0.0,0.0,0.0,0.0,7.0,57.5,0.0,0.0,0.0,1.0,0.0,0.0,12.0,9.0,1.0,23.5,0.0,2.0,0.0,0.33,0.0,0.0,2.5,1.0,4.0,1.0,0.0,1.0,0.0,0.0,1.0,2.0,153.33,0.5,60.0,28.0,0.0,0.0,0.0,2.5,0.0,1334.5,5549.25,5.67,0.0,0.0,0.0,1175.17,0.0,19.5,319.0,16219.66,122.0,2.0,19936.08,1
sample_44,1134429.83,406.0,113001.58,378.0,26.0,5351.5,57.0,0.0,215.42,0.0,488.33,0.0,0.0,12.0,3106.5,9.0,38586.5,14.5,839.84,3.0,0.0,6210.17,17.0,43090.58,213.0,7.0,1633.83,7.0,0.0,5.0,0.0,0.0,0.0,0.0,0.0,1.0,14.5,138.0,4906.08,14.0,58.0,58.5,837761.98,410805.42,0.0,11.75,53443.84,16493.33,1.0,0.0,5.5,2.0,2.0,3.0,0.0,2.0,1.0,0.0,0.0,2381.21,9.0,3.0,0.0,3.0,0.0,0.0,4.0,1.0,0.0,4.0,0.0,0.0,1754.5,0.33,21.67,13.0,1.0,4.0,0.0,2.0,0.0,66.0,2380.21,3.0,0.0,0.0,0.0,0.0,0.0,0.0,0.0,0.33,0.0,10.92,0.0,1.0,1.0,1.0,0.0,0.0,0.0,0.0,0.0,1.0,0.0,0.0,0.0,0.5,0.0,0.0,0.0,37.0,2470.83,469.5,0.0,74.08,11.0,36.0,1.0,3.0,1.0,0.0,0.0,2.0,0.0,0.0,0.33,0.33,0.0,1.5,0.0,0.0,0.0,0.5,3.0,1.58,0.0,0.0,1.0,1.0,11.0,0.0,13.0,0.0,0.0,0.0,0.0,0.5,0.0,10.0,133.0,0.0,0.0,0.0,0.0,0.0,0.0,4.0,9.67,1.0,12.5,0.0,1.0,0.0,0.0,0.0,0.0,0.0,1.0,2.0,0.0,1.0,2.0,4.0,2.0,5.0,1.0,58.83,0.0,24.0,56.0,0.0,0.0,0.0,1.0,0.0,923.0,9020.17,6.67,0.0,0.0,0.0,651.17,0.0,34.58,272.0,52934.66,398.0,5.0,10093.33,1
sample_46,1104152.52,1471.75,84586.67,216.5,162.0,2269.0,152.25,0.0,390.08,0.0,243.83,0.0,0.0,32.0,8078.83,18.5,45424.58,5.0,2722.0,6.0,0.0,10929.0,4.0,62306.58,405.5,18.0,1436.0,12.0,0.0,3.0,1.0,0.0,0.0,0.0,0.0,0.0,4.0,146.0,1836.0,7.0,113.0,50.5,482796.98,396716.42,1.0,7.0,131275.0,16218.33,2.0,0.0,1.0,3.0,3.0,2.0,0.0,0.0,3.0,1.0,0.0,1260.5,10.0,7.0,0.0,4.0,0.0,0.0,6.0,0.0,2.0,3.0,0.0,0.0,1707.5,0.0,3.5,44.0,0.0,3.0,0.0,2.0,0.0,85.5,1260.5,1.0,0.0,0.0,0.0,1.0,0.0,0.0,1.0,0.0,0.0,13.17,0.0,0.0,0.0,1.0,1.0,0.0,0.0,0.0,0.0,1.0,0.0,0.0,0.0,1.0,0.0,0.0,0.0,35.0,382.67,232.0,0.0,42.83,16.0,12.33,0.0,3.5,0.0,0.25,0.0,11.0,1.0,0.0,1.33,1.33,0.0,4.0,0.33,0.0,0.0,0.5,7.0,2.5,0.0,12.0,0.0,0.0,18.0,0.0,13.0,0.5,0.0,0.0,0.33,0.0,0.0,6.0,66.5,0.0,0.0,0.0,0.0,0.0,0.0,10.0,2.33,0.0,21.25,0.0,1.0,0.0,2.0,0.0,0.0,1.0,0.0,4.0,1.0,0.0,2.0,2.0,0.0,2.25,2.5,1.0,1.0,52.0,33.0,0.0,3.0,0.0,2.5,0.0,1302.5,5964.0,5.0,0.0,0.0,0.0,1413.67,0.0,27.0,445.0,17707.16,175.0,4.0,17242.25,1
sample_47,1268156.49,801.0,103398.58,377.0,6.0,2228.0,50.75,0.0,382.5,0.0,362.83,0.0,0.0,30.0,6734.33,23.0,57867.83,2.0,2235.5,13.0,0.0,12841.75,12.0,62941.58,201.0,13.5,1008.08,10.0,0.0,2.0,1.0,0.0,0.0,0.0,0.0,0.0,10.0,118.5,2199.0,22.0,105.0,44.5,589243.32,395553.17,0.0,8.5,110661.5,16682.33,1.0,0.0,2.0,2.0,2.0,4.0,0.0,1.0,0.0,0.67,0.0,1012.67,2.0,9.0,0.0,4.0,1.0,0.0,5.0,1.0,0.0,4.0,0.0,0.0,1681.0,0.0,4.5,14.0,2.0,10.0,0.0,3.0,0.0,55.5,1012.67,2.0,0.0,0.0,0.0,0.0,0.0,0.0,0.0,1.08,0.0,2.5,0.0,1.0,2.0,1.0,0.0,0.0,2.0,0.0,0.0,2.0,0.0,0.0,0.0,0.5,0.0,0.0,0.0,31.0,518.25,235.0,0.0,58.0,9.5,17.0,0.0,0.0,0.0,0.25,3.0,9.0,1.0,0.0,1.0,1.0,1.0,1.5,0.0,0.0,0.0,0.67,10.5,1.84,0.0,9.0,1.0,0.0,7.0,0.0,11.0,0.0,0.0,0.0,0.0,0.0,0.0,12.0,23.0,0.0,0.0,0.0,0.0,0.0,0.0,5.0,17.0,0.0,10.25,1.0,2.0,0.0,0.0,0.0,0.0,0.0,0.0,1.0,1.0,0.0,0.0,2.0,0.0,0.5,0.0,0.0,0.0,44.0,20.0,0.0,1.0,0.0,0.0,0.0,911.33,6124.67,3.67,0.0,0.0,0.0,1127.08,0.0,14.0,404.5,16788.0,212.0,1.0,15612.33,1
sample_48,1476603.36,930.0,97773.33,357.0,37.0,2704.5,51.5,0.0,369.17,0.0,487.17,0.0,0.0,24.0,7558.5,14.0,62314.67,4.0,2228.5,10.0,0.0,13941.17,5.0,75057.92,201.5,46.5,1389.83,11.0,1.0,2.0,0.0,0.0,0.0,0.0,0.0,1.0,13.33,87.0,2204.0,18.0,64.0,41.5,739304.32,404798.5,0.0,4.5,115364.84,16835.25,1.0,0.0,3.5,2.0,2.0,2.0,0.0,0.0,5.0,0.33,0.0,1423.83,12.0,8.0,0.0,4.0,0.0,0.0,9.0,0.0,1.0,5.0,0.0,0.0,1241.75,0.33,5.33,15.0,3.0,5.0,0.0,2.0,0.0,35.5,1423.83,8.0,0.0,0.0,0.0,0.0,0.0,0.0,3.0,0.0,0.0,8.17,1.0,0.0,0.0,0.0,0.0,0.0,1.0,0.0,0.0,1.5,0.0,0.0,0.0,0.0,0.0,0.0,0.0,18.0,584.17,215.0,0.0,77.5,11.0,21.0,2.0,0.0,0.0,0.0,0.99,9.0,0.0,1.0,0.58,0.58,0.0,5.5,0.25,0.0,0.0,1.42,7.83,2.24,0.0,10.0,0.0,1.5,10.5,0.0,11.0,1.0,0.0,0.0,0.25,0.0,0.0,7.0,149.0,0.0,0.0,0.0,2.0,0.0,0.0,7.0,11.67,0.0,7.5,0.0,2.0,0.0,0.0,0.0,0.0,2.0,0.0,2.0,3.0,0.0,4.0,0.0,0.0,2.33,0.0,76.0,0.0,32.0,38.0,0.0,0.0,0.0,1.5,0.0,987.33,5306.33,5.67,0.0,0.0,0.0,1164.42,0.0,27.25,447.0,23338.0,229.0,2.0,17069.25,1
sample_49,1496229.11,1996.75,133960.42,480.0,8.0,1656.0,72.75,0.0,515.33,0.0,352.0,0.0,0.0,72.75,10857.0,19.0,77270.0,8.0,4715.84,6.0,0.0,23031.92,9.0,98125.08,238.0,50.0,1126.0,10.0,2.0,9.0,2.0,0.0,0.0,0.0,0.0,0.0,13.5,89.0,4428.25,30.0,182.0,56.0,784251.64,593074.83,0.0,16.0,243959.0,21966.75,0.0,0.0,2.0,3.5,3.5,8.0,0.0,0.0,2.0,0.0,0.0,881.75,1.0,10.0,0.0,2.0,0.0,0.0,8.0,0.0,3.0,16.0,0.0,0.0,2368.5,0.0,1.75,39.0,4.0,8.0,1.0,4.0,0.0,61.0,881.75,6.0,0.0,0.0,0.0,0.0,0.0,0.0,1.0,0.25,0.0,9.67,1.0,0.0,0.0,0.0,4.0,0.0,0.0,0.0,0.0,1.0,1.0,2.0,0.0,1.0,0.0,0.0,0.0,47.0,398.25,386.0,0.0,81.67,12.5,27.67,0.0,0.0,1.0,0.0,2.01,21.33,0.0,0.0,2.17,2.17,0.0,3.83,0.0,0.0,0.0,2.0,9.0,2.66,0.0,18.0,0.0,2.5,15.5,0.0,20.0,0.0,0.0,0.0,0.0,0.0,0.0,8.0,106.0,0.0,0.0,0.0,0.0,0.0,0.0,24.0,12.58,0.0,30.25,1.0,2.0,0.0,0.0,0.0,0.0,1.0,0.0,4.0,1.0,0.0,3.0,0.0,0.0,1.5,0.0,90.83,3.0,58.0,41.0,0.0,1.0,0.0,0.0,0.0,1021.5,6590.67,5.67,0.0,0.0,0.0,1542.67,0.0,22.83,540.0,16050.0,210.5,2.0,23485.33,1
sample_50,1028619.51,1840.25,89313.92,454.0,12.0,1471.5,84.0,0.0,369.08,0.0,293.0,0.0,0.0,30.5,9717.0,28.0,64383.75,7.5,5133.16,13.0,0.0,21848.42,8.0,91983.42,317.0,15.0,993.67,14.0,1.0,5.0,0.0,0.0,0.0,0.0,0.0,1.0,15.0,139.0,1934.5,28.0,78.0,56.5,569870.48,607294.0,0.0,7.08,250847.16,15864.0,4.0,0.0,5.0,2.0,2.0,0.0,2.0,0.0,3.0,0.5,0.0,779.25,3.0,7.5,0.0,2.0,4.25,0.0,6.0,1.0,1.0,4.0,0.0,0.0,2413.75,0.0,2.25,35.0,1.0,2.0,0.0,2.0,0.0,92.0,779.25,3.0,0.0,0.0,0.0,1.0,0.0,0.0,0.0,1.58,0.0,5.83,0.0,0.0,0.0,0.0,1.0,0.0,0.0,0.0,0.0,4.0,0.0,0.0,0.0,0.5,0.0,0.0,0.0,18.0,241.33,428.0,0.0,54.25,4.0,21.0,1.0,0.0,1.0,0.0,0.99,58.5,1.0,1.0,1.92,1.92,1.0,20.58,0.33,0.0,0.0,0.75,12.5,6.42,0.0,13.0,0.0,2.0,18.0,0.0,9.0,1.0,0.0,0.0,0.33,0.5,0.0,9.0,59.5,0.0,0.0,0.0,1.0,0.0,0.0,16.0,13.0,0.0,18.75,0.0,0.0,0.0,1.0,0.0,0.0,1.0,1.0,3.0,0.0,2.0,1.0,3.0,1.0,1.33,1.0,71.67,0.0,57.0,57.0,1.0,3.0,0.0,1.0,0.0,1056.5,8879.33,5.0,2.0,0.0,0.0,2038.42,0.0,24.33,394.0,16872.34,193.5,0.0,21787.5,1
sample_51,1344007.7,2147.25,110700.83,450.33,19.0,2677.0,75.0,0.0,321.0,0.0,281.5,0.0,2.0,28.25,12434.5,39.0,66861.33,5.0,3367.5,20.0,0.0,22149.08,9.0,91532.0,225.5,60.5,1288.0,11.0,2.0,3.0,0.0,0.0,0.0,0.0,0.0,1.0,16.5,182.5,2814.33,41.0,268.0,69.0,614604.82,579259.42,0.0,9.0,227498.5,18127.0,1.0,0.0,3.0,2.0,2.0,6.0,0.0,2.0,4.0,0.33,0.0,1317.79,0.0,8.0,0.0,7.0,0.0,0.0,24.0,0.0,2.0,7.0,0.0,0.0,2734.0,0.0,4.25,14.0,0.0,8.0,5.0,0.0,0.0,32.5,1317.79,9.0,0.0,0.0,0.0,0.5,0.0,0.0,0.0,0.0,0.0,12.33,0.0,0.0,0.0,2.0,3.0,0.0,0.0,0.0,0.0,7.0,0.5,0.0,0.0,1.0,0.0,0.0,0.0,39.0,379.92,293.0,0.0,70.0,15.0,15.0,1.0,2.0,2.0,0.0,0.99,7.0,0.0,0.0,1.33,1.33,0.0,19.83,0.5,0.0,0.0,1.67,15.5,4.92,0.0,13.5,0.0,2.5,21.5,0.0,23.0,0.0,0.0,0.0,0.5,0.0,0.0,8.0,39.0,0.0,0.0,0.0,1.0,0.0,0.0,22.0,8.0,0.0,5.75,2.0,4.0,0.0,2.0,0.0,0.0,1.0,1.0,2.0,0.0,1.0,3.0,0.0,0.0,2.5,3.0,167.33,1.0,54.0,55.0,0.0,1.0,0.0,1.33,0.0,1014.0,5568.17,7.33,0.0,0.0,0.0,1729.0,0.0,36.25,468.0,27620.66,209.5,1.0,22545.83,1
sample_52,1121914.44,1744.75,102896.92,304.0,6.0,2320.5,65.5,0.0,334.67,0.0,311.67,0.0,0.0,38.0,9026.83,30.0,69025.42,3.0,2728.0,17.0,0.0,20510.25,15.0,87707.5,183.0,10.0,1322.5,11.0,0.0,2.0,1.0,0.0,0.0,0.0,0.0,0.0,9.0,144.5,2301.0,39.0,210.0,39.5,556982.32,537120.25,0.0,7.5,210166.16,15225.08,7.0,0.0,3.0,3.0,3.0,12.0,0.0,1.0,3.0,1.5,0.0,1092.58,5.0,3.0,0.0,2.0,2.0,0.0,11.0,1.0,2.0,4.0,0.0,0.0,2546.5,0.0,4.83,20.0,0.0,7.0,1.0,0.0,0.0,43.0,1092.58,9.0,0.0,0.0,0.0,0.5,0.0,0.0,3.0,0.67,0.0,13.5,1.0,0.0,2.0,1.0,1.0,0.0,2.0,0.0,0.0,4.0,0.0,0.0,0.0,1.5,0.0,0.0,0.0,27.0,340.42,295.0,0.0,55.75,12.0,13.25,1.0,1.0,1.0,0.0,0.99,4.5,0.0,0.0,1.0,1.0,0.0,14.25,0.0,0.0,0.0,2.58,18.0,2.92,0.0,10.0,1.0,4.0,27.0,0.0,6.0,0.75,0.0,0.0,0.0,0.0,0.0,8.0,30.0,0.0,0.0,0.0,1.0,0.0,0.0,12.0,4.0,0.0,10.5,0.0,6.0,0.0,1.0,0.0,0.0,0.0,1.0,6.0,1.0,0.0,4.0,1.0,0.0,0.83,2.0,166.0,0.0,65.0,45.5,0.0,1.33,0.0,3.0,0.0,1032.5,5352.83,6.67,0.0,0.0,0.0,1771.42,0.0,32.83,365.0,24152.16,182.0,1.0,22286.58,1
sample_53,1079424.0,1153.0,89192.83,272.0,6.0,1533.0,59.83,0.0,247.42,0.0,237.83,0.0,0.0,27.5,6046.83,25.0,52379.83,1.0,2308.84,17.0,0.0,14456.75,6.0,68632.92,131.0,32.0,851.5,18.0,1.0,0.0,1.0,0.0,0.0,0.0,0.0,0.0,13.0,63.0,1427.5,14.0,119.0,39.83,430519.98,429493.0,0.0,5.5,153877.34,15500.5,2.0,0.0,5.0,2.0,2.0,2.0,0.0,0.0,1.0,2.0,0.0,772.17,2.0,3.0,0.0,3.0,1.0,0.0,15.0,0.0,2.0,7.0,0.0,0.0,1518.0,0.33,2.25,16.0,1.0,5.0,3.0,2.0,0.0,22.5,772.17,4.0,0.0,0.0,0.0,0.0,0.0,0.0,0.0,0.25,0.0,4.5,0.0,0.0,0.0,0.0,0.0,0.0,1.0,0.0,0.0,1.0,0.0,0.0,0.0,1.33,0.0,0.0,0.0,34.0,238.0,210.0,0.0,42.25,8.0,14.25,0.0,2.0,3.0,0.0,0.0,19.0,0.0,0.0,1.25,1.25,0.0,6.83,0.0,0.0,0.0,1.92,3.83,4.08,0.0,12.5,0.0,5.5,22.5,0.0,11.0,0.0,0.0,0.0,0.0,0.0,0.0,10.0,64.0,0.0,0.0,0.0,0.0,0.0,0.0,14.0,2.0,0.0,25.25,0.0,0.0,0.0,0.0,0.0,0.0,0.0,0.0,3.0,1.0,0.0,3.0,0.0,0.0,2.5,1.0,134.17,0.0,48.0,33.0,0.0,0.0,0.0,1.0,0.0,715.0,4783.08,4.67,0.0,0.0,0.0,1146.83,0.0,11.75,265.0,18400.5,129.0,1.0,18084.0,1
sample_54,1176624.79,1043.25,100762.75,364.0,10.0,2273.5,47.5,0.0,273.33,0.0,316.5,0.0,0.0,21.0,6430.0,13.0,59391.58,5.0,1617.0,6.0,0.0,13652.58,9.0,69539.92,133.0,6.0,1023.5,8.0,1.0,4.0,0.0,0.0,0.0,0.0,0.0,0.0,10.0,118.5,2444.0,18.0,172.0,41.5,441853.16,372094.42,0.0,7.5,132932.0,14879.33,3.0,0.0,3.0,2.0,2.0,4.0,0.0,0.0,2.0,0.0,0.0,1180.75,2.0,6.0,0.0,1.0,0.0,0.0,1.0,0.0,4.0,0.0,0.0,0.0,1612.0,0.0,4.75,21.0,1.0,8.0,0.0,0.0,0.0,36.5,1180.75,8.0,0.0,0.0,0.0,0.0,0.0,0.0,1.0,0.0,0.0,12.33,0.0,4.0,4.0,1.0,1.0,0.0,0.0,0.0,0.0,2.0,0.0,0.0,0.0,0.5,0.0,0.0,0.0,17.0,547.42,210.0,0.0,39.0,11.0,13.0,3.0,0.0,0.0,0.0,0.99,2.0,0.0,0.0,0.58,0.58,0.0,6.75,0.33,0.0,0.0,1.0,15.0,2.08,0.0,6.0,2.0,1.0,13.0,0.0,10.0,0.0,0.0,0.0,0.33,0.0,0.0,6.0,53.0,0.0,0.0,0.0,1.0,0.0,0.0,8.0,4.0,0.0,17.25,0.0,2.0,0.0,2.0,0.0,0.0,0.0,0.0,1.33,0.0,0.0,0.0,0.0,1.0,1.25,0.0,61.17,0.0,24.0,32.0,0.0,0.5,0.0,2.0,0.0,761.0,4673.67,5.0,0.0,0.0,0.0,873.67,0.0,24.25,312.0,23417.34,169.5,1.0,13165.58,1
sample_55,1522291.84,907.0,128788.17,320.33,17.0,2584.5,72.25,0.0,293.92,0.0,322.5,0.0,1.0,17.5,7277.33,27.0,68387.83,8.0,2305.34,12.0,0.0,14528.92,10.0,63774.58,128.0,12.0,1044.0,15.0,1.0,4.0,4.0,0.0,0.0,0.0,0.0,0.0,21.0,142.0,2243.0,11.0,102.0,36.0,612820.66,484254.5,0.0,6.5,134380.5,19502.33,5.0,0.0,2.0,4.0,4.0,5.0,0.0,1.0,3.0,0.33,0.0,1252.25,3.0,5.0,0.0,5.0,0.0,0.0,7.0,0.0,2.0,5.0,0.0,0.0,2350.5,0.33,3.5,12.0,1.0,8.0,0.0,3.0,0.0,29.0,1252.25,5.0,0.0,0.0,0.0,1.0,0.0,0.0,0.0,0.0,0.0,8.0,3.0,1.0,2.0,0.0,1.0,0.0,1.0,0.0,0.0,1.0,1.0,0.0,0.0,1.0,0.0,0.0,0.0,44.0,783.75,260.0,0.0,50.5,7.0,21.0,0.0,0.0,1.0,0.0,0.99,13.0,0.0,1.0,1.0,1.0,0.0,7.83,0.0,0.0,0.0,0.33,11.33,1.5,0.0,10.0,2.0,1.0,15.0,0.0,13.0,0.25,0.0,0.0,0.0,0.0,0.0,17.0,49.0,0.0,0.0,0.0,1.0,0.0,0.0,12.0,8.0,0.0,28.25,1.0,3.33,0.0,2.0,0.0,0.0,0.0,2.0,1.0,1.0,1.0,1.0,0.0,0.0,1.0,0.0,86.67,1.0,69.0,64.0,0.0,1.0,0.0,2.0,0.0,994.5,6535.25,7.33,0.0,0.0,0.0,1280.0,0.0,24.5,308.0,25982.16,203.0,1.0,19514.58,1
sample_56,1310055.5,448.0,103765.5,144.0,140.0,2652.5,32.0,0.0,230.0,0.0,214.33,0.0,0.0,17.0,4769.5,1.0,37450.0,5.0,771.0,4.0,0.0,5185.25,6.0,34590.5,146.0,14.0,916.0,16.0,0.0,1.0,2.0,0.0,0.0,0.0,0.0,1.0,6.5,87.5,1759.0,8.0,84.0,23.0,369774.32,217018.75,0.0,5.75,56956.0,11305.5,4.0,0.0,4.0,3.5,3.5,5.0,0.0,0.0,1.0,0.0,0.0,1183.0,3.0,5.0,0.0,2.0,2.0,0.25,4.0,0.0,2.0,3.0,0.0,0.0,755.5,0.0,3.33,18.0,0.0,3.0,0.0,2.0,0.0,28.0,1183.0,5.0,0.0,0.0,0.0,0.0,0.0,0.0,2.0,0.33,0.0,8.5,1.0,0.0,0.0,0.0,0.0,0.0,1.0,0.0,0.0,1.0,2.5,0.0,0.0,1.5,0.0,0.0,0.0,21.0,903.67,182.0,0.0,27.58,10.0,5.33,0.0,4.0,0.0,0.0,0.0,3.0,2.0,0.0,1.67,1.67,0.0,2.0,0.33,0.0,0.0,0.75,4.5,2.16,0.0,3.0,0.0,1.0,2.0,0.0,8.0,0.0,0.0,0.0,0.33,0.0,0.0,6.0,60.0,0.0,0.0,0.0,0.0,0.0,0.0,8.0,3.0,0.0,11.0,1.0,0.0,0.0,1.0,0.0,0.0,0.0,1.0,3.0,0.0,0.0,0.0,0.0,0.0,1.5,0.0,1.0,0.0,32.0,25.0,0.0,0.0,0.0,1.0,0.0,751.0,3160.67,5.0,0.0,0.0,0.0,459.67,0.0,10.5,211.0,17262.66,130.0,3.0,9570.67,1
sample_57,1104968.79,1227.25,92659.0,340.5,6.0,2762.5,72.5,0.0,307.25,0.0,273.0,0.0,0.0,33.0,6818.5,20.0,56680.5,2.5,2293.0,13.0,0.0,16353.83,8.0,84059.42,160.0,8.0,1116.83,17.0,1.0,1.0,1.0,0.0,0.0,0.0,1.0,0.0,8.5,103.0,2364.5,23.0,226.0,39.33,490719.82,452959.25,0.0,6.92,159639.91,14628.58,1.0,0.0,3.0,5.0,5.0,2.0,0.0,0.5,3.0,0.0,0.0,1170.62,2.0,5.0,0.0,6.0,1.0,0.0,0.0,0.0,2.0,5.0,0.0,0.0,1946.83,1.33,4.75,44.0,0.0,6.0,1.0,3.0,0.0,28.0,1170.62,9.0,0.0,0.0,0.0,0.0,0.0,0.0,0.0,3.17,1.0,2.5,1.0,0.0,3.0,0.0,5.0,0.0,1.0,0.0,0.0,0.0,0.0,1.0,0.0,0.5,0.0,0.0,0.0,35.5,372.0,228.0,0.0,49.33,16.0,10.0,2.0,3.0,1.0,0.25,0.0,8.5,0.0,0.0,0.67,0.67,1.0,7.33,0.0,0.0,0.0,0.58,14.08,2.0,0.0,11.5,0.0,0.5,13.5,0.0,11.0,1.0,0.0,0.0,0.0,0.0,0.0,9.0,19.0,0.0,0.0,0.0,1.0,0.0,0.0,10.0,7.0,0.0,4.5,0.0,2.0,0.0,0.0,0.0,0.0,0.0,1.0,1.5,2.0,0.0,1.0,0.0,2.0,0.0,1.0,1.0,0.0,55.0,39.0,0.0,2.0,0.0,3.0,0.0,929.83,5670.0,1.67,0.0,0.0,0.0,1266.33,0.0,20.33,367.0,22627.34,211.0,2.0,20119.0,1
sample_58,1474627.31,424.25,144728.08,355.0,23.0,6771.33,29.33,0.0,223.0,0.0,406.67,0.0,0.0,25.0,3509.0,14.5,25072.83,5.0,915.16,17.0,0.0,6180.83,7.0,40979.83,99.5,35.16,1443.5,12.0,0.0,0.0,0.0,0.0,0.0,0.0,0.0,0.0,4.0,147.5,2864.33,4.0,44.0,16.5,740705.16,205150.25,0.0,11.5,60244.34,18904.0,2.0,0.0,5.0,1.0,1.0,2.0,0.0,1.0,3.0,0.5,0.0,3994.37,24.0,5.0,0.0,2.0,0.0,0.0,1.0,1.0,0.0,1.0,0.0,0.0,1489.83,0.33,15.75,6.0,2.0,2.0,0.0,9.0,0.0,81.0,3994.37,3.0,0.0,0.0,0.0,0.0,0.0,0.0,0.0,0.0,0.0,13.5,0.0,0.0,2.0,1.0,1.0,0.0,0.0,0.0,0.0,0.0,1.0,0.0,0.0,0.5,0.0,0.0,0.0,37.0,4515.25,474.0,0.0,93.75,13.5,23.0,0.0,2.0,1.0,0.0,0.0,2.0,0.0,7.0,1.0,1.0,1.0,1.83,1.0,0.0,0.0,0.5,4.0,2.16,0.0,3.0,1.0,0.0,4.0,0.0,4.0,0.0,0.0,0.0,1.0,0.0,0.0,7.0,136.0,0.0,0.0,0.0,0.0,0.0,0.0,5.0,4.0,0.0,5.25,2.0,5.0,0.0,0.0,0.0,0.0,1.0,1.0,1.0,1.0,0.0,2.0,0.0,2.0,3.33,1.0,60.33,0.0,19.0,68.5,0.0,1.0,0.0,5.75,0.0,502.0,3252.5,14.0,1.0,0.0,0.0,395.33,0.0,33.25,203.0,63088.34,256.0,1.0,9397.75,1
sample_59,1451569.61,594.5,162802.5,675.5,26.0,5179.0,28.5,0.0,303.0,0.0,482.17,0.0,0.0,45.0,5325.5,16.5,43954.0,5.5,1219.16,21.0,0.0,11291.0,11.0,49564.58,107.0,22.0,1617.0,12.0,1.0,3.0,1.0,0.0,0.0,0.0,1.0,0.0,14.0,282.5,5952.83,17.0,95.0,60.83,984079.48,354448.0,0.0,19.17,105114.5,37213.17,4.0,0.0,10.0,4.0,4.0,8.0,1.0,0.0,3.0,0.33,0.0,2499.08,17.0,5.0,0.0,10.0,0.0,0.0,20.0,1.0,3.0,4.0,0.0,0.0,1940.0,0.0,10.75,14.0,0.0,6.0,3.0,12.0,0.0,109.0,2499.08,6.0,0.0,0.0,0.0,0.5,0.0,0.0,0.0,0.0,0.0,17.83,0.0,0.0,2.0,1.0,3.0,0.0,1.0,0.0,0.0,0.0,0.0,0.0,0.0,1.5,0.0,0.0,0.0,24.0,4133.25,564.0,0.0,158.83,9.5,22.33,0.0,1.0,1.0,0.0,0.0,2.0,0.0,1.0,0.33,0.33,0.0,5.33,0.0,0.0,0.0,0.5,8.0,2.16,0.0,5.0,1.0,0.0,6.0,0.0,3.0,0.0,0.0,0.0,0.0,0.0,0.0,18.0,102.0,0.0,0.0,0.0,1.5,0.0,0.0,13.0,7.0,0.0,8.25,0.0,0.0,0.0,1.0,0.0,0.0,0.0,0.0,5.0,0.0,1.0,1.0,0.0,0.0,3.0,1.0,66.83,0.0,19.0,44.0,0.0,0.0,0.0,1.0,0.0,696.5,6852.83,10.33,0.0,0.0,0.0,777.17,0.0,32.0,397.0,53882.34,435.0,1.0,11709.0,1
sample_60,1335679.22,1198.0,108961.92,282.0,16.0,2076.0,35.5,0.0,277.83,0.0,270.5,0.0,0.0,27.0,8529.5,30.0,60454.17,7.33,3054.84,11.0,0.0,16310.08,9.0,82252.08,146.0,14.0,811.75,9.0,1.0,3.0,1.0,0.0,0.0,0.0,1.0,1.0,14.0,103.5,2461.5,19.0,174.0,56.0,492615.48,484901.33,0.0,3.5,161667.66,14344.83,2.0,0.0,9.0,3.5,3.5,3.0,0.0,0.0,2.0,0.0,0.0,1059.67,1.0,2.0,0.0,5.0,2.0,0.0,19.5,1.0,2.66,6.0,0.0,0.0,1934.5,0.33,4.83,15.0,4.0,11.5,0.0,5.0,0.0,33.0,1059.67,5.0,0.0,0.0,0.0,1.0,0.0,0.0,1.0,0.0,0.0,5.5,0.0,1.0,0.0,0.0,1.0,0.0,0.0,0.0,0.0,3.0,0.0,0.0,0.0,1.5,0.0,0.0,0.0,39.0,347.5,232.0,0.0,41.5,16.5,16.0,0.0,2.0,1.0,0.33,0.0,26.0,2.0,0.0,2.0,2.0,0.0,7.5,0.0,0.0,0.0,2.5,18.5,3.66,0.0,16.0,1.0,5.0,11.5,0.0,10.0,2.5,0.0,0.0,0.0,0.0,0.0,4.0,63.5,0.0,0.0,0.0,0.0,0.0,0.0,17.0,4.0,0.0,10.75,0.0,3.0,0.0,1.0,0.0,0.0,0.0,0.0,3.0,1.0,3.0,1.0,0.0,0.0,0.5,0.0,78.33,0.0,84.5,32.0,0.0,0.0,0.0,0.0,0.0,983.75,5682.08,3.67,0.0,0.0,0.0,879.67,0.0,16.0,360.0,23178.84,179.5,0.0,24445.42,1
sample_61,985183.4,1022.5,86326.17,364.92,24.0,1563.0,33.5,0.0,312.08,0.0,336.5,0.0,0.0,33.0,8677.83,7.0,48971.33,3.0,3364.34,14.0,0.0,16550.75,6.0,60204.42,283.0,115.0,1129.5,9.0,0.0,4.0,3.0,0.0,0.0,0.0,0.0,0.0,9.5,66.0,1619.5,29.0,162.0,70.0,498263.66,381181.75,0.0,9.5,116369.16,17204.67,3.0,0.0,2.0,3.0,3.0,5.0,0.0,0.0,2.0,0.0,0.0,937.25,5.0,5.5,0.0,18.0,0.0,0.0,23.0,1.0,0.0,2.0,0.0,0.0,1514.75,0.0,5.25,44.0,3.0,7.33,5.0,3.0,0.0,81.0,937.25,4.0,0.0,0.0,0.0,0.0,0.0,0.0,0.0,0.67,0.0,6.5,0.0,0.0,2.0,0.0,3.0,0.0,0.0,0.0,0.0,1.0,0.0,0.0,0.0,1.0,0.0,0.0,0.0,37.0,356.17,184.0,0.0,48.33,11.0,18.33,1.0,0.0,1.0,0.0,0.99,4.5,0.0,0.0,0.67,0.67,0.0,4.83,0.0,0.0,0.0,2.5,10.5,3.16,0.0,9.5,0.0,1.5,16.5,0.0,11.0,0.0,0.0,0.0,0.0,0.0,0.0,8.0,142.5,0.0,0.0,0.0,1.0,0.0,0.0,14.0,13.67,0.0,14.25,0.0,1.0,0.0,3.0,0.0,0.0,0.0,0.0,1.0,3.0,1.0,0.0,2.0,0.0,4.5,1.0,117.0,1.0,31.0,21.0,0.0,0.0,0.0,2.0,0.0,579.0,2992.67,3.67,0.0,0.0,0.0,969.67,0.0,10.5,408.0,13308.66,182.0,2.0,16388.25,1
sample_62,2234116.69,1298.25,227063.58,962.0,379.0,8415.58,32.5,0.0,491.25,0.0,912.17,0.0,0.0,32.83,12088.5,21.0,91837.5,13.5,2544.16,35.0,0.0,21933.58,6.0,106888.58,145.0,39.5,1961.0,43.0,2.0,10.0,7.0,0.0,0.0,0.0,0.0,2.5,12.0,175.5,7077.33,24.33,98.0,79.33,1301247.14,664805.5,0.0,25.0,191776.34,36882.5,2.0,0.0,7.5,4.5,4.5,4.0,0.0,1.0,7.0,0.0,0.0,4637.21,11.0,10.0,0.0,14.0,0.0,0.0,9.0,0.0,5.0,3.0,0.0,0.0,7409.5,1.0,28.17,33.0,2.0,6.0,0.0,16.0,0.0,194.0,4634.37,8.0,0.0,0.0,0.0,1.0,0.0,0.0,3.0,0.25,1.5,5.0,0.0,2.0,2.0,0.0,3.0,0.0,0.0,0.0,1.0,4.5,1.0,1.0,0.0,0.5,0.0,0.0,0.0,64.0,5341.5,722.0,0.0,205.42,15.5,50.58,0.0,4.0,1.0,0.25,0.99,17.5,0.0,3.0,0.67,0.67,1.0,8.75,0.83,0.0,0.0,1.58,21.0,4.08,0.0,15.0,1.0,3.0,15.0,0.0,11.0,0.25,0.0,0.0,0.83,0.0,0.0,18.0,213.0,0.0,0.0,0.0,1.0,0.0,0.0,14.0,9.33,0.0,8.75,0.0,2.0,0.0,1.0,0.0,0.0,0.0,1.0,2.0,1.0,2.0,2.0,2.0,2.0,4.5,1.0,1.0,0.0,44.0,57.0,0.0,0.0,0.0,1.5,0.0,1290.5,8483.08,7.67,0.0,0.0,0.0,1147.83,0.0,21.5,618.0,89474.66,505.5,4.0,23711.08,1
sample_63,1790417.32,1019.0,161597.08,469.0,65.0,2002.0,121.5,0.0,656.75,0.0,476.0,0.0,0.0,19.0,10683.5,33.5,81968.42,11.0,3657.5,4.0,0.0,15210.33,11.0,72288.5,439.0,274.0,1635.5,9.0,1.0,3.0,5.0,0.0,0.0,0.0,0.0,0.0,10.0,138.5,3983.5,33.0,99.0,74.0,825674.48,588871.17,0.0,14.5,135393.41,25217.58,1.0,0.0,1.0,3.0,3.0,2.0,0.0,0.0,2.0,0.33,0.0,1818.33,2.0,12.0,0.0,4.0,1.0,0.0,11.0,0.0,2.0,6.0,0.0,0.0,2732.5,0.0,3.25,68.0,0.0,11.33,1.0,1.25,0.0,204.0,1815.33,3.0,0.0,0.0,0.0,0.0,0.0,0.0,0.0,2.58,0.0,9.75,0.0,2.0,2.0,0.0,5.0,0.0,0.0,0.0,0.0,1.0,0.0,0.0,0.0,1.5,0.0,0.0,0.0,38.0,1577.67,494.0,0.0,89.17,17.0,21.0,0.0,2.0,0.0,0.0,0.0,23.0,0.0,1.0,1.33,1.33,0.0,5.67,0.0,0.0,0.0,0.75,10.5,4.34,0.0,10.0,1.0,1.5,22.5,0.0,25.0,0.0,0.0,0.0,0.0,0.0,0.0,12.0,144.0,0.0,0.0,0.0,1.0,0.0,0.0,17.0,33.33,0.0,41.0,1.0,3.0,0.0,1.0,0.0,0.0,0.0,1.0,4.0,1.0,2.0,0.0,2.0,1.0,2.5,1.0,1.0,0.0,64.0,32.0,1.0,2.0,0.0,4.0,0.0,1566.0,9061.67,7.0,1.0,0.0,0.0,2321.67,0.0,24.5,628.0,19473.66,276.0,3.0,23234.08,1
sample_64,968845.91,946.5,90085.92,371.0,39.0,1137.5,27.0,0.0,244.67,0.0,238.0,0.0,1.0,30.0,6210.5,28.5,37280.5,5.0,1268.84,8.0,0.0,10552.25,3.0,43438.75,120.0,74.5,756.5,5.0,0.0,1.0,1.0,0.0,0.0,0.0,0.0,0.0,13.5,73.0,1903.0,20.0,112.0,40.0,432294.82,302143.42,0.0,9.67,103282.5,10564.33,1.0,0.0,5.5,1.5,1.5,6.0,0.0,0.0,1.0,0.5,0.0,737.29,3.0,4.0,0.0,2.0,1.0,0.25,18.0,0.0,0.0,5.0,0.0,0.0,1208.0,0.0,4.83,24.0,0.0,1.0,5.0,2.0,0.0,28.0,737.29,5.0,0.0,0.0,0.0,0.0,0.0,0.0,0.0,0.5,0.0,4.0,0.0,0.0,0.0,1.0,1.0,0.0,0.0,0.0,0.0,1.0,0.0,0.0,0.0,0.5,0.0,0.0,1.0,17.0,385.42,244.0,0.0,42.5,6.0,22.0,0.0,0.0,0.0,0.0,0.0,11.0,1.0,0.0,0.67,0.67,0.0,9.33,0.0,0.0,0.0,0.83,7.0,2.66,0.0,5.5,1.0,0.5,10.5,0.0,11.0,0.0,0.0,0.0,0.0,0.0,0.0,10.0,63.0,0.0,0.0,0.0,0.0,0.0,0.0,14.0,7.33,0.0,10.5,0.0,0.0,0.0,0.0,0.0,0.0,0.0,1.0,4.0,0.0,2.0,3.0,0.0,0.0,0.5,2.0,0.0,0.0,32.0,17.0,1.0,0.0,0.0,1.0,0.0,633.33,3881.83,1.67,0.0,0.0,0.0,1153.25,0.0,12.75,277.0,13901.0,149.0,1.0,11248.42,1
sample_65,1565912.63,1815.5,138807.33,494.33,104.0,2086.0,107.25,0.0,498.0,0.0,305.5,0.0,0.0,119.25,14856.83,28.0,77996.0,3.0,5176.84,22.5,0.0,21874.67,6.0,85743.42,338.0,59.5,1337.0,15.5,0.0,5.0,2.0,0.0,0.0,0.0,0.0,0.0,21.0,149.5,2454.5,27.0,237.0,64.33,759803.3,597618.58,0.0,16.5,225268.34,23121.5,1.0,0.0,5.0,3.5,3.5,3.0,0.0,0.0,1.0,0.33,0.0,1268.0,8.0,3.0,0.0,7.0,1.0,0.0,22.0,2.0,1.0,2.0,0.0,0.0,2739.5,1.33,3.5,56.5,1.0,4.0,0.0,9.0,0.0,81.0,1268.0,8.0,0.0,0.0,0.0,1.0,0.0,0.0,1.0,8.58,1.0,11.5,1.0,0.0,1.0,2.0,3.0,0.0,0.0,0.0,0.0,0.0,1.0,0.0,0.0,2.5,0.0,0.0,0.0,46.0,528.5,352.0,0.0,82.83,14.0,23.33,0.0,2.0,0.0,0.25,0.0,36.33,1.5,0.0,2.0,2.0,1.0,12.17,0.0,2.0,0.0,2.0,16.5,4.84,0.5,19.0,0.0,2.0,31.5,0.0,15.0,2.0,0.0,0.0,0.0,0.0,0.0,8.0,92.5,0.0,0.0,0.0,0.0,0.0,0.0,20.0,12.33,0.0,55.5,2.0,2.0,0.0,1.0,0.0,1.0,0.0,2.0,1.0,2.0,1.0,7.0,2.0,0.0,0.5,0.0,1.0,0.0,76.0,43.0,2.0,1.0,0.0,2.83,0.0,1366.5,6686.33,5.33,0.0,0.0,0.0,1778.25,0.0,24.75,682.0,21177.34,253.0,0.0,24123.5,1
sample_66,1288898.64,1205.0,126066.58,405.83,11.0,1269.0,42.5,0.0,378.0,0.0,258.83,0.0,0.0,92.5,11314.0,26.5,72365.33,5.5,4301.0,15.0,0.0,19007.67,5.0,76570.5,203.0,32.5,896.83,12.0,1.0,6.0,2.0,0.0,0.0,0.0,0.0,0.0,12.0,133.5,2941.0,30.0,112.0,52.0,665104.48,574820.42,0.0,12.5,178223.25,18667.25,1.0,0.0,3.0,3.5,3.5,1.0,0.0,1.0,4.0,0.33,0.0,776.75,9.0,8.0,0.0,12.0,0.0,0.0,11.0,0.0,1.0,7.0,0.0,0.0,2582.5,0.0,2.5,43.0,0.0,4.0,5.0,2.0,0.0,114.5,776.75,8.0,0.0,0.0,0.0,0.0,0.0,0.0,0.0,2.58,0.0,3.33,0.0,0.0,3.0,0.0,3.0,0.0,0.0,0.0,0.0,1.0,0.0,0.0,0.0,1.0,0.0,0.0,0.0,28.0,496.25,296.0,0.0,56.58,11.0,20.0,0.0,3.0,0.0,0.0,0.99,20.5,0.0,0.0,0.67,0.67,1.0,8.5,0.0,0.0,0.0,2.58,11.0,4.08,0.0,10.0,0.0,0.5,23.5,0.0,15.0,0.0,0.0,0.0,0.0,0.0,0.0,7.0,82.0,0.0,0.0,0.0,1.0,0.0,1.0,14.0,11.58,0.0,22.5,0.0,0.0,0.0,0.0,0.0,0.0,1.0,1.0,1.0,0.0,3.0,0.0,0.0,0.0,1.0,0.0,2.0,0.0,56.0,38.0,0.0,0.0,0.0,0.83,0.0,801.0,6203.33,2.67,1.0,0.0,0.0,1693.67,0.0,15.5,467.0,14586.16,180.0,0.0,19645.33,1
sample_67,1680546.84,547.25,198004.92,359.33,18.0,6793.0,54.5,0.0,525.08,0.0,767.5,0.0,0.0,21.0,4353.5,7.0,40672.58,8.0,1172.5,9.0,0.0,10132.67,18.0,49820.67,320.5,53.5,2720.0,11.0,1.0,2.0,0.0,0.0,0.0,0.0,0.0,0.0,14.0,136.0,7154.67,20.0,85.0,70.5,1244477.32,268267.67,0.0,14.75,78987.84,41341.08,3.0,0.0,5.5,4.0,4.0,5.0,0.0,0.0,2.0,1.17,0.0,4583.58,15.0,3.0,0.0,8.0,0.0,0.0,8.0,0.0,0.0,4.0,0.0,0.0,1681.5,0.0,15.67,16.0,2.0,9.0,0.0,10.0,0.0,68.0,4583.58,4.0,0.0,0.0,0.0,0.0,0.0,0.0,0.0,0.0,0.5,13.0,0.0,0.0,1.0,1.0,0.0,0.0,2.0,1.0,0.0,0.0,0.0,0.0,0.0,0.83,0.0,0.0,0.0,48.0,3727.92,459.0,0.0,194.25,19.5,38.0,0.0,2.0,1.0,0.0,0.0,3.0,0.0,1.0,0.33,0.33,1.0,0.5,0.0,0.0,0.0,0.25,6.5,3.58,0.0,3.0,2.0,1.0,8.0,0.0,14.0,0.0,0.0,0.0,0.0,0.0,0.0,8.0,283.5,0.0,0.0,0.0,0.0,0.0,0.0,9.0,8.67,0.0,10.25,2.0,2.0,0.0,0.0,0.0,0.0,2.5,1.0,3.0,0.0,1.0,4.0,0.0,1.0,4.5,1.0,148.5,0.0,25.0,53.0,2.0,1.0,0.0,2.0,0.0,1352.0,7106.83,8.67,0.0,0.0,0.0,793.67,0.0,22.0,515.0,54735.16,576.0,5.0,14373.42,1
sample_68,987628.61,1260.25,92468.92,220.0,7.0,1396.0,82.0,0.0,383.5,0.0,226.5,0.0,1.0,26.5,7539.5,22.0,49646.0,2.0,2998.0,8.0,0.0,10102.08,3.0,68848.33,301.0,99.0,942.5,8.0,0.0,5.0,1.0,0.0,0.0,0.0,0.0,0.0,12.0,66.5,1776.0,23.0,149.0,46.5,449262.98,357278.58,0.0,9.5,131292.66,23109.5,1.0,0.0,3.0,2.0,2.0,0.0,0.0,1.33,2.0,0.5,0.0,920.75,5.0,0.0,0.0,3.0,2.0,0.0,11.0,0.0,1.0,2.0,0.0,0.0,1883.5,0.0,3.08,39.0,1.0,15.5,2.0,2.0,0.0,66.5,920.75,5.0,0.0,0.0,0.0,0.5,0.0,0.0,0.0,1.08,0.0,9.33,2.0,0.0,2.0,0.0,1.0,0.0,0.0,0.0,0.0,5.0,0.0,0.0,0.0,1.0,0.0,0.0,0.0,18.0,388.0,242.0,0.0,52.0,10.0,19.0,0.0,1.0,0.0,0.0,0.99,20.0,0.0,0.0,1.0,1.0,0.0,2.83,0.5,0.0,0.0,1.83,13.5,2.16,0.0,9.0,1.0,1.0,15.5,0.0,13.0,0.0,0.0,0.0,0.5,0.0,0.0,10.0,106.0,0.0,0.0,0.0,1.0,0.0,0.0,5.0,6.0,0.0,22.75,0.0,0.0,0.0,0.0,0.0,0.0,0.0,0.0,3.0,0.0,1.0,1.0,2.0,2.0,3.0,0.0,2.0,1.0,30.0,16.0,0.0,9.0,0.0,2.0,0.0,1057.5,4629.83,2.33,0.0,0.0,0.0,973.5,0.0,18.5,470.0,10974.0,161.0,1.0,14424.67,1
sample_69,1402234.46,1509.75,133068.5,305.5,55.0,1549.0,107.0,0.0,416.83,0.0,278.83,0.0,0.0,17.0,10395.25,16.5,52759.67,4.0,4405.84,8.0,0.0,16381.75,10.0,85879.67,336.0,21.5,1126.0,17.0,0.0,2.0,3.0,0.0,0.0,0.0,1.0,0.0,8.0,90.0,3007.0,27.0,189.0,52.5,601588.65,459585.25,0.0,11.0,155633.16,19535.83,0.0,0.0,3.0,2.0,2.0,0.0,0.0,0.0,3.0,1.0,0.0,975.42,2.0,5.0,0.0,7.0,1.0,0.0,19.0,0.0,0.0,5.5,0.0,0.0,2257.0,0.0,4.25,36.0,3.0,18.0,1.0,3.0,0.0,57.5,975.42,4.0,0.0,0.0,0.0,0.0,0.0,0.0,0.0,0.58,0.0,7.5,0.0,1.0,4.0,0.0,1.0,0.0,0.0,0.0,0.0,0.0,0.0,0.0,0.0,1.83,0.0,0.0,0.0,50.0,534.0,253.0,0.0,62.33,15.0,6.0,0.0,1.0,0.0,0.0,0.99,17.0,0.0,0.0,0.0,0.0,0.0,9.0,0.0,0.0,0.0,1.58,4.33,5.58,0.5,13.0,0.0,0.0,13.0,0.0,10.0,0.0,0.0,0.0,0.0,0.0,0.0,2.0,112.5,0.0,0.0,0.0,0.0,0.0,0.0,10.0,8.33,0.0,18.0,0.0,1.0,1.0,1.0,0.0,0.0,0.0,1.0,3.0,1.0,0.0,1.0,0.0,1.0,1.5,0.0,147.17,1.0,42.0,22.0,0.0,2.0,0.0,0.0,0.0,1021.83,4953.33,6.0,0.0,0.0,0.0,1801.08,0.0,12.0,465.0,16324.66,183.5,0.0,21268.33,1
sample_70,1365902.08,1268.25,90272.17,365.5,9.0,1885.0,110.75,0.0,386.58,0.0,277.33,0.0,0.0,30.0,10939.5,14.5,68641.08,7.5,4869.5,11.0,0.0,17333.58,3.0,93099.08,341.5,11.0,1009.0,4.5,0.0,1.0,2.0,0.0,0.0,0.0,0.0,0.0,12.0,72.0,2565.0,38.0,53.0,55.5,662197.48,555213.92,0.0,10.17,187585.0,17213.33,2.0,0.0,3.0,3.0,3.0,0.0,0.0,2.0,6.0,0.33,0.0,918.5,4.0,4.0,0.0,4.0,2.0,0.0,0.0,2.0,1.0,5.0,0.0,0.0,2351.5,0.33,3.25,34.0,3.0,7.5,2.0,5.0,0.0,100.0,918.5,2.0,0.0,0.0,0.0,0.0,0.0,0.0,1.0,0.33,0.0,6.0,0.0,1.0,1.5,1.0,0.0,0.0,0.0,0.0,0.0,2.0,0.0,0.0,0.0,1.5,0.0,0.0,0.0,35.5,482.67,370.0,0.0,62.0,10.0,22.0,0.0,2.0,0.0,0.0,0.0,14.0,0.0,0.0,1.0,1.0,0.0,4.0,0.0,0.0,0.0,0.75,9.0,3.16,0.0,12.0,1.0,1.0,15.0,0.0,24.0,0.0,0.0,0.0,0.0,0.0,0.33,8.0,68.0,0.0,0.0,0.0,1.0,0.0,0.0,12.0,16.33,0.0,27.25,0.0,1.0,0.0,2.0,0.0,0.0,0.0,0.0,0.0,2.0,1.0,0.0,2.0,1.0,1.0,0.0,167.33,1.0,59.0,17.5,1.0,0.0,0.0,1.0,0.0,1029.0,5697.83,7.67,1.0,0.0,0.0,1672.83,0.0,24.5,376.0,17927.0,197.5,0.0,22686.33,1
sample_71,1406241.55,644.75,102655.67,268.0,100.0,2418.5,49.5,0.0,270.33,0.0,241.33,0.0,0.0,23.5,6697.25,7.5,49280.33,4.0,1309.16,7.0,0.0,7386.5,6.0,50599.75,114.0,17.0,971.5,8.0,2.0,2.0,2.0,0.0,0.0,0.0,1.0,0.0,3.0,66.0,1940.5,7.0,58.0,13.33,468068.66,236616.17,0.0,5.5,69475.41,11158.17,3.0,0.0,4.0,2.0,2.0,4.0,0.0,0.0,2.0,0.67,0.0,1420.25,5.0,3.0,0.0,3.0,1.0,0.0,5.0,0.0,3.0,1.0,0.0,0.0,1023.5,1.0,7.58,15.0,1.0,8.0,0.0,2.0,0.0,35.25,1420.25,0.0,0.0,0.0,0.0,0.5,0.0,0.0,0.0,0.33,0.0,4.5,0.0,0.0,1.0,0.0,1.0,0.0,0.0,0.0,0.0,2.0,0.0,0.0,0.0,0.5,0.0,0.0,0.0,35.0,607.0,154.0,0.0,38.5,13.0,12.0,0.0,0.0,3.0,0.0,0.0,5.0,0.0,0.0,0.33,0.33,0.0,3.67,0.5,0.0,0.0,1.5,9.0,3.74,0.0,6.0,1.0,1.5,11.5,0.0,4.0,0.0,0.0,0.0,0.5,0.0,0.0,8.0,103.0,0.0,0.0,0.0,0.0,0.0,0.0,8.0,5.33,0.0,4.75,0.0,0.0,0.0,1.0,0.0,0.0,0.0,0.0,2.0,2.0,0.0,2.0,2.0,0.0,1.5,2.0,0.0,1.0,23.0,23.0,1.0,0.0,0.0,3.0,0.0,852.5,3016.0,4.67,0.0,0.0,0.0,470.0,0.0,15.0,281.0,19885.66,119.0,2.0,13699.0,1
sample_72,1042774.47,678.25,98242.42,345.5,28.0,2131.0,15.0,0.0,264.42,0.0,396.75,0.0,0.0,58.33,6216.5,16.5,50712.67,9.0,1424.66,19.0,1.0,16306.42,7.0,60353.08,120.0,89.0,1057.33,8.0,1.0,8.0,3.0,0.0,0.0,0.0,0.0,0.0,8.5,58.0,1542.0,23.0,272.5,43.0,486468.32,402082.5,0.0,5.5,96758.34,17882.33,5.0,0.0,7.0,3.5,3.5,0.0,0.0,0.0,4.0,0.67,0.0,1038.42,6.0,3.0,0.0,11.0,0.0,0.0,31.0,0.0,2.0,4.0,0.0,0.0,882.0,1.0,4.58,16.0,0.0,6.0,1.0,3.0,0.0,21.5,1037.42,4.0,0.0,0.0,0.0,0.0,0.0,0.0,0.0,0.33,0.0,6.17,0.0,1.0,4.0,0.0,2.0,0.0,0.0,0.0,0.0,4.0,0.0,0.0,0.0,1.0,0.0,0.0,0.0,22.0,740.0,115.0,0.0,61.5,12.0,12.0,0.0,2.0,1.0,0.0,0.0,5.0,0.0,1.0,0.0,0.0,0.0,2.83,0.0,0.0,0.0,2.25,8.33,3.92,0.0,7.0,1.0,2.0,19.0,0.0,5.0,0.0,0.0,0.0,0.0,0.0,0.0,14.0,119.0,0.0,0.0,0.0,0.0,0.0,0.0,12.0,3.33,0.0,26.75,0.0,3.0,0.0,0.0,0.0,0.0,4.0,0.0,3.0,1.0,0.0,3.0,0.0,1.0,2.0,0.0,141.33,0.5,25.0,20.5,0.0,0.0,0.0,0.0,0.0,513.83,2853.0,12.33,1.0,0.0,0.0,874.83,0.0,16.5,335.0,16004.16,216.0,1.0,11194.33,1
sample_73,1599403.33,1400.5,173094.58,335.5,154.0,1575.0,43.5,0.0,430.83,0.0,289.0,0.0,0.0,45.5,9450.0,31.0,52689.17,12.0,2959.5,9.0,0.0,24567.17,24.0,68415.58,219.0,615.5,955.5,27.0,0.0,3.0,8.0,1.0,0.0,0.0,0.0,0.0,9.0,118.5,3875.08,56.0,11181.5,57.5,606739.32,452213.08,0.0,6.0,182408.0,30056.08,4.0,0.0,3.0,2.0,2.0,3.0,0.0,0.5,2.0,0.5,0.0,1079.75,0.0,11.0,0.0,11.0,0.0,0.25,15.0,0.0,0.0,4.0,0.0,0.0,3531.5,0.0,1.75,21.0,1.0,6.5,2.0,1.0,0.0,34.0,1079.75,10.0,0.0,0.0,0.0,0.0,0.0,0.0,0.0,2.17,0.0,1.0,0.0,0.0,1.0,0.0,1.0,0.0,0.0,1.0,0.0,0.0,0.0,1.0,0.0,3.0,0.0,0.0,0.0,58.0,436.08,271.0,0.0,59.5,28.0,15.0,4.0,3.0,1.0,0.0,0.99,30.0,0.0,0.0,1.33,1.33,0.0,27.33,0.5,1.0,0.0,0.75,5.5,4.84,0.0,9.0,0.0,6.0,43.0,0.0,36.0,0.0,0.0,0.0,0.5,0.5,0.0,11.0,126.0,0.0,0.0,0.0,0.0,0.0,0.0,35.0,27.5,0.0,3.0,0.0,0.0,0.0,2.0,0.0,0.0,1.0,0.0,2.0,0.0,0.0,0.0,0.0,0.0,0.5,0.0,0.0,0.0,33.0,45.0,0.0,1.0,0.0,0.5,0.0,840.0,4828.5,2.67,1.0,0.0,0.0,1608.92,0.0,15.25,456.0,16609.0,275.0,0.0,21970.0,1
sample_74,1464129.38,1289.25,145027.83,460.83,19.0,2203.0,34.25,0.0,301.83,0.0,312.0,0.0,1.0,26.0,10153.0,23.0,81676.58,12.5,3486.34,26.0,0.0,25643.33,3.0,111015.33,109.0,36.0,821.0,19.0,1.0,4.0,2.0,0.0,0.0,0.0,0.0,0.0,15.5,96.5,3211.0,43.0,139.0,42.5,601618.14,658817.0,0.0,7.0,198921.66,21066.25,1.0,0.0,3.0,3.5,3.5,5.0,1.0,0.0,1.0,0.33,0.0,1106.75,2.0,16.0,0.0,1.0,0.0,0.0,8.0,0.0,0.0,6.0,0.0,0.0,3403.25,0.33,6.0,43.5,1.0,12.0,1.0,4.0,0.0,119.0,1105.75,5.0,0.0,0.0,0.0,0.5,0.0,0.0,1.0,0.0,0.5,2.0,0.0,1.0,4.0,0.0,9.0,0.0,0.0,0.0,0.0,3.0,0.0,0.0,0.0,2.5,0.0,0.0,0.0,48.0,666.33,286.0,0.0,65.33,10.0,22.0,0.0,1.0,2.0,0.0,0.99,24.5,0.0,0.0,3.67,3.67,0.0,7.75,0.0,0.0,0.0,2.5,18.5,2.16,0.0,14.0,0.0,1.0,41.0,0.0,10.0,0.0,0.0,0.0,0.0,0.0,0.0,11.0,75.0,0.0,0.0,0.0,0.0,0.0,0.0,10.0,7.0,0.0,6.75,2.0,0.0,0.0,1.0,0.0,0.0,0.0,0.0,2.0,1.0,1.0,3.0,0.0,0.0,0.5,0.0,1.0,4.0,62.0,32.5,0.0,0.0,0.0,0.33,0.0,684.0,6858.5,4.0,1.0,0.0,0.0,1553.17,0.0,5.25,333.0,23991.84,227.0,1.0,24052.5,1
sample_75,1841514.27,672.75,184399.75,609.5,40.0,10407.5,33.0,0.0,331.08,0.0,812.5,0.0,0.0,82.5,6218.33,25.0,54589.33,12.0,2054.16,21.5,0.0,15191.5,8.0,49571.83,186.0,170.0,2154.42,20.0,0.0,5.0,1.0,0.0,0.0,0.0,0.0,1.0,18.0,366.5,6199.75,26.0,321.0,49.5,1194868.66,421882.17,0.0,23.25,101286.5,44618.58,0.0,0.0,8.0,6.5,6.5,6.0,0.0,0.0,9.0,0.67,0.0,6030.67,31.0,3.0,0.0,7.0,2.0,0.0,20.0,1.0,1.0,2.0,0.0,0.0,3027.0,1.0,18.75,6.0,1.0,9.0,0.0,9.0,0.0,75.0,6029.33,6.0,0.0,0.0,0.0,1.0,0.0,0.0,0.0,1.83,0.0,17.83,0.0,0.0,2.0,0.0,4.0,0.0,0.0,0.0,0.0,1.0,1.0,0.0,0.0,1.0,0.0,0.0,0.0,39.0,10429.08,335.0,0.0,164.83,13.5,43.0,0.0,3.0,1.0,0.0,0.0,8.0,0.0,2.0,0.67,0.67,0.0,6.5,0.0,0.0,0.0,2.42,4.5,6.34,0.0,19.5,1.0,0.0,5.0,0.0,8.0,0.0,0.0,0.0,0.0,0.0,0.0,16.0,151.0,0.0,0.0,0.0,0.0,0.0,0.0,17.0,5.0,0.0,2.75,1.0,5.5,0.0,0.0,0.0,0.0,0.0,0.0,3.0,3.0,1.0,1.0,0.0,2.0,2.5,2.0,2.0,1.0,25.0,141.0,0.0,0.0,0.0,1.0,0.0,1029.0,6584.25,11.67,0.0,0.0,0.0,672.67,0.0,62.33,474.0,107933.5,576.5,3.0,14318.0,1
sample_76,2021922.24,427.5,207626.25,470.5,33.0,10729.83,50.0,0.0,308.42,0.0,606.5,0.0,0.0,64.0,6254.0,12.0,49197.5,9.0,742.84,10.0,0.0,7789.25,14.0,46789.83,181.5,95.0,2235.67,20.0,0.0,3.0,3.0,1.0,0.0,0.0,0.0,0.0,21.5,161.0,5581.0,14.0,264.0,41.5,1084734.48,360450.0,0.0,16.0,59971.5,24855.0,2.0,0.0,10.0,5.0,5.0,9.0,0.0,0.25,3.0,0.0,0.0,4867.87,48.0,8.0,0.0,6.0,1.0,0.0,23.0,0.0,0.0,1.0,0.0,0.0,975.33,0.33,22.5,6.0,1.0,6.33,1.0,10.0,0.0,10.5,4867.87,3.0,0.0,0.0,0.0,0.5,0.0,0.0,0.0,2.0,0.0,23.83,0.0,2.0,1.0,1.0,3.0,0.0,0.0,0.0,0.0,0.0,0.0,0.0,0.0,2.5,0.0,0.0,0.0,32.0,4262.67,328.0,0.0,103.25,19.0,26.0,1.0,3.0,0.0,0.0,0.0,2.0,0.0,1.0,0.67,0.67,0.5,1.5,0.0,0.0,0.0,0.5,15.5,3.84,0.0,5.0,2.0,0.5,3.5,0.0,8.0,0.0,0.0,0.0,0.0,0.0,0.0,14.0,141.0,0.0,0.0,0.0,0.0,0.0,0.0,15.0,9.0,0.0,2.75,0.0,7.0,0.0,0.0,0.0,0.0,0.0,1.0,5.0,1.0,0.0,1.0,1.0,0.0,3.25,2.0,0.0,0.0,34.0,83.0,0.0,0.0,0.0,3.0,0.0,1274.0,5550.5,17.33,1.0,0.0,0.0,520.17,0.0,46.5,460.0,75571.5,430.5,4.5,14260.67,1
sample_77,919517.0,954.75,81279.67,227.0,25.0,1898.5,26.5,0.0,269.0,0.0,149.5,0.0,1.0,21.5,5569.5,17.0,42219.5,2.0,1461.34,13.0,0.0,14237.5,6.0,69841.67,153.0,17.0,800.0,12.0,0.0,3.0,3.0,0.0,0.0,0.0,0.0,0.0,13.5,78.5,1774.0,24.0,105.0,24.5,353936.48,339519.67,0.0,3.75,103603.0,12698.5,4.0,0.0,4.0,5.0,5.0,2.0,0.0,0.0,3.0,0.83,0.0,1020.5,5.0,5.0,0.0,4.0,1.0,0.0,10.0,0.0,3.0,7.0,0.0,0.0,1499.0,0.33,5.67,10.0,0.0,5.5,0.0,0.0,0.0,12.5,1019.5,6.0,0.0,0.0,0.0,0.0,0.0,0.0,0.0,0.0,0.0,0.83,0.0,0.0,0.0,1.0,3.0,0.0,0.0,0.0,0.0,3.0,0.0,0.0,0.0,1.0,0.0,0.0,0.0,19.0,312.5,187.0,0.0,27.5,9.0,13.0,2.0,1.0,0.0,0.25,0.99,9.0,0.0,0.0,1.0,1.0,0.0,2.33,0.0,0.0,0.0,0.0,8.5,1.5,0.0,3.5,0.0,1.0,4.0,0.0,8.0,0.0,0.0,0.0,0.0,0.0,0.0,7.0,76.0,0.0,0.0,0.0,0.0,0.0,0.0,6.0,0.25,0.0,14.25,1.5,1.0,0.0,1.5,0.0,0.0,0.0,0.0,3.0,2.0,0.0,0.0,0.0,1.0,1.5,1.0,57.0,0.0,29.0,35.5,0.0,1.0,0.0,2.0,0.0,760.5,4945.17,3.67,0.0,0.0,0.0,1079.33,0.0,10.5,284.0,16416.66,162.0,0.0,14291.67,1
sample_78,1456949.88,336.5,274732.58,126.5,257.5,2467.0,47.0,0.0,238.25,0.0,213.5,0.0,0.0,13.0,2311.5,5.0,17917.0,7.0,464.34,2.0,0.0,2240.0,18.0,14713.5,270.0,66.0,1792.75,14.0,1.0,4.0,1.0,0.0,0.0,0.0,0.0,0.0,2.0,61.5,1684.0,9.0,704.0,29.5,488109.66,85861.0,0.0,7.5,21178.5,14700.25,4.0,0.0,3.0,1.5,1.5,0.0,1.0,0.0,2.0,0.67,0.0,2139.08,15.0,0.0,0.0,1.0,1.0,0.0,11.0,0.0,0.0,2.0,0.0,0.0,374.5,0.33,2.33,1.0,2.0,5.0,0.0,4.0,0.0,9.5,2138.08,0.0,0.0,0.0,0.0,0.5,0.0,0.0,0.0,4.5,0.0,4.5,0.0,0.0,0.0,0.0,1.0,0.0,1.0,1.0,0.0,0.0,1.0,0.0,0.0,2.0,0.0,0.0,0.0,25.0,1548.58,112.0,0.0,38.5,20.5,5.0,1.0,4.0,0.0,0.0,0.0,0.0,0.0,0.0,0.25,0.25,0.0,2.0,0.0,0.0,0.5,0.25,0.0,1.34,0.5,0.0,1.0,0.0,3.0,0.0,4.0,0.0,0.0,0.0,0.0,0.67,0.0,6.0,110.5,0.0,0.0,0.0,0.0,0.0,1.0,11.0,4.0,0.0,8.0,2.0,6.0,0.0,0.0,0.0,0.0,0.0,0.0,1.0,0.0,0.0,0.0,1.0,1.33,0.5,0.0,0.0,0.0,7.0,16.0,1.0,1.0,0.0,3.0,0.0,695.33,1997.0,25.67,0.0,0.0,0.0,162.0,0.0,23.0,325.0,19266.5,133.0,4.0,5457.08,1
sample_79,1760813.07,883.75,122454.17,315.5,12.0,2837.0,62.0,0.0,279.0,0.0,326.33,0.0,0.0,26.5,7166.83,16.0,51815.5,7.5,1901.5,10.0,0.0,11486.08,9.0,65992.08,154.0,20.5,1003.0,13.0,1.0,2.0,2.0,0.0,0.0,0.0,0.0,0.0,13.0,99.5,2740.5,16.0,103.0,37.0,563442.82,394265.83,0.0,6.5,111138.66,16606.5,1.0,0.0,3.0,3.0,3.0,1.0,0.0,0.0,3.0,0.5,0.0,1170.0,6.0,2.0,0.0,5.0,0.0,0.0,6.0,0.0,3.0,1.0,0.0,0.0,1183.5,0.33,6.0,8.0,1.0,9.33,0.0,2.0,0.0,59.0,1170.0,3.0,0.0,0.0,0.0,0.0,0.0,0.0,0.0,0.67,0.0,5.5,1.0,0.0,2.0,0.0,0.0,0.0,0.0,0.0,0.0,1.0,0.0,0.0,0.0,0.5,0.0,0.0,0.0,40.0,1431.67,176.0,0.0,41.0,10.0,13.0,0.0,1.0,1.0,0.0,0.99,17.0,1.0,1.0,1.33,1.33,0.0,2.5,0.0,0.0,0.0,0.5,6.0,2.0,0.5,5.25,0.0,1.0,4.0,0.0,7.0,0.5,0.0,0.0,0.0,0.0,0.0,9.0,44.5,0.0,0.0,0.0,1.0,0.0,1.0,10.0,2.0,0.0,14.25,0.0,2.0,0.0,0.0,0.0,0.0,1.0,0.0,3.0,0.0,0.0,1.0,1.0,0.0,0.5,1.0,151.17,0.0,54.0,33.0,0.0,0.0,0.0,0.0,0.0,847.0,3827.5,13.67,0.0,0.0,0.0,871.67,0.0,13.75,274.33,27037.66,161.0,1.0,16970.75,1
sample_80,1536240.56,402.0,152380.0,206.0,43.5,6192.25,40.0,0.0,278.83,0.0,456.67,0.0,1.0,18.0,2903.17,6.5,31000.33,5.0,764.34,6.0,0.0,6754.92,9.0,39241.5,175.0,14.0,1332.83,13.0,0.0,1.0,0.0,0.0,0.0,0.0,0.0,1.0,10.0,122.0,2768.5,9.0,61.0,15.0,728669.66,250598.17,0.0,7.5,48213.84,20534.75,4.0,0.0,8.0,2.0,2.0,5.0,0.0,0.0,4.0,0.5,0.0,2815.29,14.0,2.0,0.0,7.0,0.0,0.0,7.0,0.0,1.0,1.0,0.0,0.0,998.0,0.33,10.25,7.0,0.0,1.0,1.0,3.0,0.0,36.5,2813.29,5.0,0.0,0.0,0.0,0.17,0.0,0.0,1.0,0.33,0.0,6.0,0.0,0.0,1.0,1.0,0.0,0.0,0.0,0.0,0.0,0.0,1.0,0.0,0.0,2.5,0.0,0.0,0.0,42.0,4402.58,124.0,0.0,57.5,20.0,12.0,1.0,2.0,1.0,0.0,0.0,2.0,0.0,1.0,0.67,0.67,0.0,2.83,0.0,0.0,0.0,0.58,2.0,2.16,0.0,5.0,0.0,0.0,4.0,0.0,5.0,1.0,0.0,0.0,0.0,0.0,0.0,7.0,38.0,0.0,0.0,0.0,1.0,0.0,0.0,4.0,3.92,0.0,13.75,1.0,2.0,0.0,0.0,0.0,0.0,1.0,0.0,2.33,1.0,0.0,1.0,0.0,0.0,2.5,0.0,101.0,0.0,23.0,45.0,1.0,2.0,0.0,2.0,0.0,1031.33,4633.33,17.67,0.0,0.0,0.0,443.67,0.0,23.25,332.33,49973.84,246.0,1.5,9178.5,1
